appid,name,playtime_forever,img_icon_url,playtime_windows_forever,playtime_mac_forever,playtime_linux_forever,playtime_deck_forever,rtime_last_played,content_descriptorids,playtime_disconnected,has_community_visible_stats,has_leaderboards,playtime_2weeks,creation_time
70,Half-Life,0,95be6d131fc61f145797317ca437c9765f24b41c,0,0,0,0,0,"[2, 5]",0,,,0,2025-11-03 01:01:18.197938+08:00
220,Half-Life 2,0,fcfb366051782b8ebf2aa297f3b746395858cb62,0,0,0,0,0,"[2, 5]",0,True,,0,2025-11-03 01:01:18.197938+08:00
320,Half-Life 2: Deathmatch,0,795e85364189511f4990861b578084deef086cb1,0,0,0,0,0,"[2, 5]",0,,,0,2025-11-03 01:01:18.197938+08:00
360,Half-Life Deathmatch: Source,0,40b8a62efff5a9ab356e5c56f5c8b0532c8e1aa3,0,0,0,0,0,"[2, 5]",0,,,0,2025-11-03 01:01:18.197938+08:00
550,Left 4 Dead 2,1137,7d5a243f9500d2f8467312822f8af2a2928777ed,0,0,0,0,1558855728,"[2, 5]",0,True,,0,2025-11-03 01:01:18.197938+08:00
620,Portal 2,152,25a5a16b2423bf7487ac5340b5b0948cef48c5f8,6,0,0,0,1672073503,,0,True,True,0,2025-11-03 01:01:18.197938+08:00
3170,King's Bounty: Armored Princess,0,8af2edb3b1d5680447454914546b5c2e409eab0c,0,0,0,0,0,,0,,,0,2025-11-03 01:01:18.197938+08:00
3590,Plants vs. Zombies: Game of the Year,0,d2a9c24de11210560f579e7fd9303960c5060155,0,0,0,0,0,,0,True,,0,2025-11-03 01:01:18.197938+08:00
4560,Company of Heroes - Legacy Edition,0,64946619217da497c9b29bc817bb40dd7d28c912,0,0,0,0,0,"[2, 5]",0,,,0,2025-11-03 01:01:18.197938+08:00
8930,Sid Meier's Civilization V,569,fbe80c4743e226f0bf65559c91b12953d4446808,0,0,0,0,1499448173,,0,True,,0,2025-11-03 01:01:18.197938+08:00
13250,Unreal Gold,0,ea4f234ffce6f7c645ccad169c1b6250f3c9cc6c,0,0,0,0,0,,0,,,0,2025-11-03 01:01:18.197938+08:00
15170,Heroes of Might & Magic V,0,487af5c9a91b6a0ac4615954a41d9209d69368f2,0,0,0,0,0,,0,,,0,2025-11-03 01:01:18.197938+08:00
15370,Heroes of Might & Magic V: Tribes of the East,0,1e7e71c1e0cf6cbbc6107c6e28f9bb61408bc48a,0,0,0,0,0,,0,,,0,2025-11-03 01:01:18.197938+08:00
15380,Heroes of Might & Magic V: Hammers of Fate,0,05008699f6e407c370d77b1c0ba3c8de8110ac9c,0,0,0,0,0,,0,,,0,2025-11-03 01:01:18.197938+08:00
15700,Oddworld: Abe's Oddysee,166,146cabd04a2e1a813085fbc4511c10ca01fac51b,0,0,0,0,1506860700,"[2, 5]",0,,,0,2025-11-03 01:01:18.197938+08:00
17450,Dragon Age: Origins,372,8cc583d72b84ae9a4026c762e130869127dd05e4,5,0,0,0,1614948253,,0,,,0,2025-11-03 01:01:18.197938+08:00
20900,The Witcher: Enhanced Edition,0,746d1cd48fb2e57d579b05b6e9eccba95859e549,0,0,0,0,0,"[1, 2, 5]",0,,,0,2025-11-03 01:01:18.197938+08:00
25900,King's Bounty: The Legend,0,41a5b6f527b5a1b6a3f858a5155483fc67410e5c,0,0,0,0,0,,0,,,0,2025-11-03 01:01:18.197938+08:00
34010,Alpha Protocol,0,2ac0dd4f55d09d6d20cdb21b03116dac6fe48164,0,0,0,0,0,"[1, 2, 5]",0,,,0,2025-11-03 01:01:18.197938+08:00
34270,SEGA Mega Drive & Genesis Classics,128,2cda9462fbaf9309e5aedce99ad8452adf8a40bd,0,0,0,0,1538223080,,0,True,,0,2025-11-03 01:01:18.197938+08:00
35130,Lara Croft and the Guardian of Light,0,b06fc7740d5e2e02ffd47fec3c56f7d38534f598,0,0,0,0,0,,0,True,,0,2025-11-03 01:01:18.197938+08:00
35720,Trine 2,149,061ecbbd7c70ae1c052377bad136c7759cbb708d,0,0,0,0,1490370798,,0,True,,0,2025-11-03 01:01:18.197938+08:00
38400,Fallout,0,df0001a1aa011e6c7a8f38a65908070eba3d2f61,0,0,0,0,0,,0,,,0,2025-11-03 01:01:18.197938+08:00
43110,Metro 2033,0,a70fe6dc214f24107d20596f3040dbfa220ed42d,0,0,0,0,0,[5],0,True,,0,2025-11-03 01:01:18.197938+08:00
47810,Dragon Age: Origins - Ultimate Edition,152,e5e0b9629b314f7338f493d26227eb2bd1172e77,152,0,0,0,1688979458,,0,,,0,2025-11-03 01:01:18.197938+08:00
47870,Need for Speed: Hot Pursuit,59,4066e98d482110d2ee745d3a415d80d36336eb33,0,0,0,0,1542992336,,0,,,0,2025-11-03 01:01:18.197938+08:00
48700,Mount & Blade: Warband,321,0773e90a6991a5427df4ee516687d832d92b050e,0,0,0,0,1515001252,,0,True,,0,2025-11-03 01:01:18.197938+08:00
49520,Borderlands 2,552,a3f4945226e69b6196074df4c776e342d3e5a3be,212,0,0,0,1672066971,,0,True,,0,2025-11-03 01:01:18.197938+08:00
55100,Homefront,0,52d4f669d6aa00c92406457d430ed5aa6a035c54,0,0,0,0,0,"[2, 5]",0,True,,0,2025-11-03 01:01:18.197938+08:00
57300,Amnesia: The Dark Descent,0,2c08de657a8b273eeb55bb5bf674605ca023e381,0,0,0,0,0,[5],0,True,,0,2025-11-03 01:01:18.197938+08:00
63500,Swords and Soldiers HD,0,77301d7df269837401e0ab7e82af9e4250be4a43,0,0,0,0,0,,0,True,True,0,2025-11-03 01:01:18.197938+08:00
63900,Fantasy Wars,0,30e4f43dc8a52386bc908961e49cfcdf019f02c1,0,0,0,0,0,,0,,,0,2025-11-03 01:01:18.197938+08:00
63910,King's Bounty: Crossworlds,0,8a79da34d9c29b878bf62ee320d9ef2ff1458985,0,0,0,0,0,,0,,,0,2025-11-03 01:01:18.197938+08:00
71240,SEGA Bass Fishing,0,fac67362e11293a673158e6d3c8c67693816868f,0,0,0,0,0,,0,True,,0,2025-11-03 01:01:18.197938+08:00
72850,The Elder Scrolls V: Skyrim,2164,b9aca8a189abd8d6aaf09047dbb0f57582683e1c,0,0,0,0,1482486258,"[1, 5]",0,True,,0,2025-11-03 01:01:18.197938+08:00
96000,The Tiny Bang Story,174,190760c7966fda0b4be9605de836e031f448fc49,0,0,0,0,1538214351,,0,,,0,2025-11-03 01:01:18.197938+08:00
99300,Renegade Ops,0,def6f08f177180ab15bbf7c90ba8d323159ecd7d,0,0,0,0,0,,0,True,,0,2025-11-03 01:01:18.197938+08:00
105600,Terraria,1142,858961e95fbf869f136e1770d586e0caefd4cfac,175,0,0,0,1593085448,,0,True,,0,2025-11-03 01:01:18.197938+08:00
107100,Bastion,139,8377b4460f19465c261673f76f2656bdb3288273,139,0,0,0,1614948599,,0,True,,0,2025-11-03 01:01:18.197938+08:00
113020,Monaco,196,169e693854d9f70984987fa3b6b5f1f9eb27122a,0,0,0,0,1507133277,,0,True,True,0,2025-11-03 01:01:18.197938+08:00
200510,XCOM: Enemy Unknown,302,48be2fee1d0d511b5c7313e1359beafd36ea92ed,0,0,0,0,1566572642,,0,True,,0,2025-11-03 01:01:18.197938+08:00
200710,Torchlight II,753,40776762bb63c4eded37d1a2b4431a90aa57ea84,0,0,0,0,1515228092,,0,True,,0,2025-11-03 01:01:18.197938+08:00
201700,DiRT Showdown,0,cc23d301fb2dcd0fcb1c442ff26ccef79fb891da,0,0,0,0,0,,0,True,True,0,2025-11-03 01:01:18.197938+08:00
201790,Orcs Must Die! 2,167,fabd8658e8e76f7c99c56f26b69d29882756f9b4,167,0,0,0,1749871275,,0,True,,0,2025-11-03 01:01:18.197938+08:00
202200,Galactic Civilizations II: Ultimate Edition,0,74ef4f8f1c2b4879a54bd93b95eec8f5d20f3727,0,0,0,0,0,,0,True,,0,2025-11-03 01:01:18.197938+08:00
203160,Tomb Raider,171,3ee640a8aba6992678e36f4e40cba9c71c02348b,0,0,0,0,1490423790,,0,True,,0,2025-11-03 01:01:18.197938+08:00
203350,King's Bounty: Warriors of the North,182,1d187568205a63803f4f61c9aa53048215cbb4b7,182,0,0,0,1688982268,,0,True,True,0,2025-11-03 01:01:18.197938+08:00
203750,Binary Domain,0,14de291b4d113c03ba76111b22e697a4d220d840,0,0,0,0,0,,0,True,True,0,2025-11-03 01:01:18.197938+08:00
203770,Crusader Kings II,144,56e9c15cbeb6c1f873f7f1dc757bae7618861484,0,0,0,0,1538223427,,0,True,,0,2025-11-03 01:01:18.197938+08:00
204360,Castle Crashers,222,9b7625f9b70f103397fd0416fd92abb583db8659,0,0,0,0,1488044137,,0,True,,0,2025-11-03 01:01:18.197938+08:00
204450,Call of Juarez Gunslinger,0,b9a00d132852719cd6e6c2be3f3d0fdf669ed7ce,0,0,0,0,0,,0,True,,0,2025-11-03 01:01:18.197938+08:00
204880,Sins of a Solar Empire: Rebellion,140,31832cdd443b665a8ae599f76761411f3d939b98,0,0,0,0,1548884411,,0,True,,0,2025-11-03 01:01:18.197938+08:00
205100,Dishonored,0,74f8ee1ba536e0759e64a9bf801fc013e16c8dd1,0,0,0,0,0,,0,True,True,0,2025-11-03 01:01:18.197938+08:00
207080,Indie Game: The Movie,136,1d29a72931dc845cf9ec7a04501fe40a7ed57dd1,136,0,0,0,1761197246,"[1, 5]",0,True,,44,2025-11-03 01:01:18.197938+08:00
209080,Guns of Icarus Online,148,968e8c0b7a55f0229392278123dfd486140c9421,0,0,0,0,1538233787,,0,True,,0,2025-11-03 01:01:18.197938+08:00
209670,Cortex Command,123,2976d0e44d338d1f6136d222d8b2a764a1dfee2e,0,0,0,0,1538222954,"[2, 5]",0,True,,0,2025-11-03 01:01:18.197938+08:00
211160,Viking: Battle for Asgard,0,fa0cc33822d69907bf8e761a645541784f85294d,0,0,0,0,0,,0,True,,0,2025-11-03 01:01:18.197938+08:00
212680,FTL: Faster Than Light,147,e8770ddb95fde0804694b116dfe3479f5a65900d,147,0,0,0,1688978998,,0,True,,0,2025-11-03 01:01:18.197938+08:00
214560,Mark of the Ninja,323,220f33169c93c2f6381cd785399fb52bfc79309f,9,0,0,0,1672071189,,0,True,,0,2025-11-03 01:01:18.197938+08:00
217490,Borderlands 2 RU,0,ed09ad42baa474c2ce425df24bc3dff587a9e4c0,0,0,0,0,0,,0,True,,0,2025-11-03 01:01:18.197938+08:00
218090,Unity of Command,0,acc842bdd4d3ef30d7cc2d2ba2da3700e07b9f6a,0,0,0,0,0,,0,True,,0,2025-11-03 01:01:18.197938+08:00
218410,Defender's Quest: Valley of the Forgotten,145,8caffc1473e8478075e4da5d60441e1f2626a1be,2,0,0,0,1672065085,,0,True,,0,2025-11-03 01:01:18.197938+08:00
218620,PAYDAY 2,257,a6abc0d0c1e79c0b5b0f5c8ab81ce9076a542414,0,0,0,0,1490452085,"[2, 5]",0,True,,0,2025-11-03 01:01:18.197938+08:00
219640,Chivalry: Medieval Warfare,262,d4628be29b7e97d93a3404870dfe79642b90b907,0,0,0,0,1494063388,"[2, 5]",0,True,,0,2025-11-03 01:01:18.197938+08:00
219740,Don't Starve,164,03fe647df40dccc4d19bf42a0185cd3e6b9f2953,0,0,0,0,1514560147,,0,,,0,2025-11-03 01:01:18.197938+08:00
219890,Antichamber,133,1c3afe41623c51172ef1dc96427bf23bb940748b,133,0,0,0,1761197898,,0,,,17,2025-11-03 01:01:18.197938+08:00
219990,Grim Dawn,3986,762057f2b14463ae1cbf0701a4cdb25cf94e8a0c,3986,0,0,0,1710428537,"[2, 5]",0,True,,0,2025-11-03 01:01:18.197938+08:00
220240,Far Cry® 3,0,8231f43d3dd47fb4b4111fd6bd4a849e73eb0520,0,0,0,0,0,,0,True,,0,2025-11-03 01:01:18.197938+08:00
222880,Insurgency,144,b072fc4239951c1952f4877edde340419438b528,0,0,0,0,1538223611,"[2, 5]",0,True,,0,2025-11-03 01:01:18.197938+08:00
224460,Contrast,149,7b0631a6110c7e8c648d88054de904a8d11cd62c,0,0,0,0,1490378117,,0,True,,0,2025-11-03 01:01:18.197938+08:00
224760,FEZ,107,900590f739d69da4f50112669f5d949a2e6b9261,107,0,0,0,1593061733,,0,True,,0,2025-11-03 01:01:18.197938+08:00
226620,Desktop Dungeons,0,f4c30e39f4ce6da904793d7c91db59a0a70b8b3a,0,0,0,0,0,,0,True,,0,2025-11-03 01:01:18.197938+08:00
226840,Age of Wonders III,0,06f134e787a2dd9022c0e8514ab918f4530665a8,0,0,0,0,0,,0,True,,0,2025-11-03 01:01:18.197938+08:00
228200,Company of Heroes ,133,df92dc239acb3cf5d3e3eba645f3df2aaf7f91ad,0,0,0,0,1538236658,,0,True,,0,2025-11-03 01:01:18.197938+08:00
228280,Baldur's Gate: Enhanced Edition,222,8f58ffe2b58e546ec6d9515fa80fb231764b2da8,222,0,0,0,1702629139,,0,True,,0,2025-11-03 01:01:18.197938+08:00
228960,Skulls of the Shogun,186,b506d27de72fad92efe8945ccc5244f9d62f5c90,186,0,0,0,1688982612,,0,True,,0,2025-11-03 01:01:18.197938+08:00
230070,The Age of Decadence,136,68c3456eed61992a13543dbfdea6fc9f771c0c3d,136,0,0,0,1761147108,,0,True,,43,2025-11-03 01:01:18.197938+08:00
230230,Divinity: Original Sin (Classic),219,ca9cdafd4257253dba68babeed300874190fbbff,0,0,0,0,1490450210,[5],0,True,,0,2025-11-03 01:01:18.197938+08:00
230410,Warframe,30675,22064646470f4c53388ba87774c7ac10f0a91ffa,19783,0,0,0,1754416948,"[2, 5]",1,True,,0,2025-11-03 01:01:18.197938+08:00
231430,Company of Heroes 2,140,5e7e1866fb4f33a17393b0441cd1c750dbd91c5f,0,0,0,0,1548884508,,0,True,,0,2025-11-03 01:01:18.197938+08:00
232050,Eador. Masters of the Broken World,220,8539a7121aa104260a2f61948c041cdd2d176731,0,0,0,0,1538222839,,0,True,,0,2025-11-03 01:01:18.197938+08:00
233130,Shadow Warrior,166,5d7c205ce18f17a99c95ff81499c2f496e0570f2,0,0,0,0,1507129590,"[2, 5]",0,True,,0,2025-11-03 01:01:18.197938+08:00
233450,Prison Architect,544,c166c7911beec4d63a74cdddf25f26b73c84556b,0,0,0,0,1495125449,"[1, 2, 5]",0,True,,0,2025-11-03 01:01:18.197938+08:00
233610,Distance,132,37190c23b8dc6cb6eb726f9f221420c7abf1398f,132,0,0,0,1614948459,,0,True,,0,2025-11-03 01:01:18.197938+08:00
236150,Starpoint Gemini 2,197,4a5235626d7fe3fa433c7b47a55de7013774be1d,0,0,0,0,1498238895,,0,True,,0,2025-11-03 01:01:18.197938+08:00
237930,Transistor,338,b45dc369d45afe945d379e75545959f845094f92,0,0,0,0,1565614935,,0,True,,0,2025-11-03 01:01:18.197938+08:00
238460,BattleBlock Theater,1373,2f258aaff583d797812cdcf24830d5992f48733b,544,0,0,0,1574417989,,0,True,True,0,2025-11-03 01:01:18.197938+08:00
239200,Amnesia: A Machine for Pigs,0,3bf781ae80c6eeb8827819fb2ed92aa2353d3007,0,0,0,0,0,[5],0,True,,0,2025-11-03 01:01:18.197938+08:00
239840,Dead State,161,c8245a45c7c9c8d92b93eb7b0f30adae4f6b863a,161,0,0,0,1749870015,,0,True,,0,2025-11-03 01:01:18.197938+08:00
241320,Ittle Dew,136,a8d497600c037e7a4611ba5e34fd6e3b14405e52,136,0,0,0,1702628965,,0,True,True,0,2025-11-03 01:01:18.197938+08:00
242640,Styx: Master of Shadows,137,674a59002023382bb99865793c1f04c7b76f520e,137,0,0,0,1749644410,,0,True,True,0,2025-11-03 01:01:18.197938+08:00
243970,"Invisible, Inc.",159,21cc7b593c065eac8beb7842669dff4313dc0b3f,159,0,0,0,1749869955,,0,True,,0,2025-11-03 01:01:18.197938+08:00
245410,Wizardry 6: Bane of the Cosmic Forge,0,edaf17a07868c673a18f9a075c832c253f763cfb,0,0,0,0,0,,0,,,0,2025-11-03 01:01:18.197938+08:00
245430,Wizardry 7: Crusaders of the Dark Savant,0,8b112c357fc320f56741c0fd815604f442e0e0e8,0,0,0,0,0,,0,,,0,2025-11-03 01:01:18.197938+08:00
245450,Wizardry 8,0,ad405de08622649f1af7467703c570423c8f8d4b,0,0,0,0,0,[5],0,,,0,2025-11-03 01:01:18.197938+08:00
246420,Kingdom Rush,123,2dccbb4dbb08987e38d7efe916fd303bea8dc39a,123,0,0,0,1668108116,,0,True,,0,2025-11-03 01:01:18.197938+08:00
247080,Crypt of the NecroDancer,128,d6b5298b33cb990dcbb3fae94db4b421b813a724,128,0,0,0,1658304726,,0,True,True,0,2025-11-03 01:01:18.197938+08:00
250520,Underrail,0,b87d5d6184f9de157be1675bbf50f412fdced5ff,0,0,0,0,0,[5],0,True,,0,2025-11-03 01:01:18.197938+08:00
250760,Shovel Knight: Treasure Trove,140,a4df2557166453374519b64ed5ccef3f0a643f4e,140,0,0,0,1761197598,,0,True,,55,2025-11-03 01:01:18.197938+08:00
250900,The Binding of Isaac: Rebirth,945,16d46c8630499bfc54d20745ac90786a302cd643,3,0,0,0,1657006429,[5],0,True,True,0,2025-11-03 01:01:18.197938+08:00
251230,Livelock,193,328975d0ea6c35519f003da72ec9f0bbf26d294c,0,0,0,0,1498222142,,0,True,True,0,2025-11-03 01:01:18.197938+08:00
251430,The Inner World,137,1d80cce2b884a54f983700b4e1b4e98fc4b8cf0f,137,0,0,0,1702629093,,0,True,,0,2025-11-03 01:01:18.197938+08:00
251950,WWII Online,0,ba388f11c3ce3560bbd99df5b47ccf600777ac3a,0,0,0,0,0,"[2, 5]",0,,,0,2025-11-03 01:01:18.197938+08:00
252410,SteamWorld Dig,0,7757c90bbf65e312ea4871106250077e78007bc6,0,0,0,0,0,,0,True,,0,2025-11-03 01:01:18.197938+08:00
253650,Sparkle 2 Evo,135,a918821da1c0651da145b7bb68fd87e8edbc44e7,135,0,0,0,1702628788,,0,True,,0,2025-11-03 01:01:18.197938+08:00
254960,Silent Storm,0,556113aa434c5e42eaff520d97dd93a15fdaf3cd,0,0,0,0,0,"[2, 5]",0,,,0,2025-11-03 01:01:18.197938+08:00
254980,Silent Storm Sentinels,0,e8bf8050993773519298320894ff8f1620f3868f,0,0,0,0,0,,0,,,0,2025-11-03 01:01:18.197938+08:00
255300,Journey of a Roach,122,ce14586c7854f51e3482bcfa3e73f56e2c2e14ac,122,0,0,0,1759324623,,0,True,,0,2025-11-03 01:01:18.197938+08:00
255520,Viscera Cleanup Detail: Shadow Warrior,0,56c3840d52a0da4f397d9991d368c75ed53d99fa,0,0,0,0,0,"[2, 5]",0,True,,0,2025-11-03 01:01:18.197938+08:00
261570,Ori and the Blind Forest,367,a8b0c1ca89fa421e5061d4ac5c17e2fbf4f08845,8,0,0,0,1672070590,,0,True,,0,2025-11-03 01:01:18.197938+08:00
262060,Darkest Dungeon®,183,af219e7f9ed0506cb0954aabb7f24a45e38d28e4,0,0,0,0,1511616571,,0,True,,0,2025-11-03 01:01:18.197938+08:00
265590,The Red Solstice,123,cc33fb26c140d04a20fb0fd5f549454458122322,0,0,0,0,1538222962,"[2, 5]",0,True,True,0,2025-11-03 01:01:18.197938+08:00
265890,Hexcells,257,b10f170738dc96144b7ff59b745cf52f5dcb1ae4,0,0,0,0,1498385541,,0,True,,0,2025-11-03 01:01:18.197938+08:00
266510,Hand of Fate,162,28c3fe65c79dd16ddff8c7207bc96631004fb50a,0,0,0,0,1522743311,,0,True,True,0,2025-11-03 01:01:18.197938+08:00
268500,XCOM 2,138,f275aeb0b1b947262810569356a199848c643754,138,0,0,0,1614949045,,0,True,,0,2025-11-03 01:01:18.197938+08:00
268870,Satellite Reign,167,b609806b16b6581548c7d2908f0f75936ea86f48,0,0,0,0,1512894348,,0,True,,0,2025-11-03 01:01:18.197938+08:00
269210,Hero Siege,425,c787f8aa68ebb1426c5a9633b7609d7e849c1bc2,0,0,0,0,1549297881,,0,True,,0,2025-11-03 01:01:18.197938+08:00
270150,RUNNING WITH RIFLES,300,feacad90f64b2db6c3f7ac6dafe62d21a1b3df55,0,0,0,0,1483367401,,0,True,,0,2025-11-03 01:01:18.197938+08:00
270550,Yet Another Zombie Defense,178,d9414db164fa12a1e2cb83a60056dccc77ea3f38,0,0,0,0,1538216426,"[2, 5]",0,True,True,0,2025-11-03 01:01:18.197938+08:00
271590,Grand Theft Auto V Legacy,9115,1e72f87eb927fa1485e68aefaff23c7fd7178251,2581,0,0,0,1616252341,[5],0,True,,0,2025-11-03 01:01:18.197938+08:00
271900,Hexcells Plus,615,d1b916708b853d9975e11a28252c2f769bd232dd,0,0,0,0,1498821169,,0,True,,0,2025-11-03 01:01:18.197938+08:00
274190,Broforce,466,aade0d272c8df1e1ea7e47d4baea36cb80e8b33d,0,0,0,0,1484690963,"[2, 5]",0,True,,0,2025-11-03 01:01:18.197938+08:00
275390,Guacamelee! Super Turbo Championship Edition,0,933dbbe576dca66cc46757e58871b2ae597a16bf,0,0,0,0,0,,0,True,True,0,2025-11-03 01:01:18.197938+08:00
276810,Mordheim: City of the Damned,270,51acbfe30cd22993eac3cbf7a71b7779c145ddc4,270,0,0,0,1749876926,,0,True,,0,2025-11-03 01:01:18.197938+08:00
278080,DYNASTY WARRIORS 8: Xtreme Legends Complete Edition,42,d5f14dec881ff976c7487b4cda351a25e694a88c,0,0,0,0,1494601922,,0,True,,0,2025-11-03 01:01:18.197938+08:00
278360,A Story About My Uncle,139,feb33a53334222c82aaf0545e00913bd92bcd3d9,0,0,0,0,1548884176,,0,True,,0,2025-11-03 01:01:18.197938+08:00
282070,This War of Mine,127,38ad6fd10e2b89ab24e8013584ece7961bebe086,0,0,0,0,1483031291,[5],0,True,,0,2025-11-03 01:01:18.197938+08:00
282800,100% Orange Juice,511,baaf4be38deeb8a631567ee6c651ca23b65c834a,29,0,0,0,1672074050,,0,True,True,0,2025-11-03 01:01:18.197938+08:00
285800,Braveland,140,1a951bc30680a965a9cad9f689b0d1ff6a0c3f70,0,0,0,0,1548884472,,0,True,True,0,2025-11-03 01:01:18.197938+08:00
286570,F1 2015,146,efba76526ca5cd18fabc9878c840ac583f08ead5,0,0,0,0,1538223769,,0,True,True,0,2025-11-03 01:01:18.197938+08:00
286690,Metro 2033 Redux,0,353ea01a045c084215bca95519808eaa7319ce0c,0,0,0,0,0,"[1, 2, 5]",0,True,,0,2025-11-03 01:01:18.197938+08:00
287700,METAL GEAR SOLID V: THE PHANTOM PAIN,187,7a1737163c96ea641143db45709a4ac444ba8f7b,187,0,0,0,1688982616,,0,True,True,0,2025-11-03 01:01:18.197938+08:00
289070,Sid Meier's Civilization VI,134,9dc914132fec244adcede62fb8e7524a72a7398c,134,0,0,0,1658304896,,0,True,,0,2025-11-03 01:01:18.197938+08:00
289130,ENDLESS™ Legend,0,02277be6b9b09671b857948006316057974d7036,0,0,0,0,0,,0,True,,0,2025-11-03 01:01:18.197938+08:00
289520,King's Bounty: Dark Side,0,d00d232c42123ee1aeabf4a608b5baa58ee038dd,0,0,0,0,0,,0,True,True,0,2025-11-03 01:01:18.197938+08:00
289690,Lara Croft and the Temple of Osiris,125,920993a056262fb03a012c34ac9766350901021c,125,0,0,0,1658304377,,0,True,,0,2025-11-03 01:01:18.197938+08:00
291390,Three Dead Zed,166,4ded25f03619f6098f42799909eed9db07ef5790,0,0,0,0,1506870683,,0,True,,0,2025-11-03 01:01:18.197938+08:00
291860,Pit People,237,6805486828108ae601889aa8c82b4ed1781790f2,0,0,0,0,1524653598,,0,True,,0,2025-11-03 01:01:18.197938+08:00
292030,The Witcher 3: Wild Hunt,7475,78d0ff98b67851f24539cdf2402cf147679134f4,6950,0,0,0,1569912671,"[1, 5]",0,True,,0,2025-11-03 01:01:18.197938+08:00
294100,RimWorld,1,addbe3b704b267060b4d5d7649cfb292de61bd70,0,0,0,0,1558851974,,0,,,0,2025-11-03 01:01:18.197938+08:00
296490,GemCraft - Chasing Shadows,136,d9dee57d707fc52432ad5dd48f196948c32b767c,136,0,0,0,1749644168,,0,True,,0,2025-11-03 01:01:18.197938+08:00
296970,Renowned Explorers: International Society,131,1f6303fc2341e0f8067f85d1641cef755701c729,131,0,0,0,1614949014,,0,True,,0,2025-11-03 01:01:18.197938+08:00
299480,Rogue Stormers,212,f41b551459e459bd7d6f6c6501b94010ebb3b012,0,0,0,0,1490507843,,0,True,,0,2025-11-03 01:01:18.197938+08:00
301150,The Treasures of Montezuma 4,165,e7964a23e2786ce2533602c6c33fbc4537b43b07,165,0,0,0,1688981147,,0,True,,0,2025-11-03 01:01:18.197938+08:00
301200,Frederic: Evil Strikes Back,178,c09ba50d124175baf525854d639bc68d5a8be2fe,0,0,0,0,1498232615,,0,True,True,0,2025-11-03 01:01:18.197938+08:00
301970,Screencheat,187,286d3208052be52d8e8bb9b29141d5ad0a6bc4cf,0,0,0,0,1511620271,,0,True,,0,2025-11-03 01:01:18.197938+08:00
304390,For Honor,149,24ec1359d4c27b2aef9ad3fc59fdfa495789d6e6,0,0,0,0,1538225011,"[2, 5]",0,True,,0,2025-11-03 01:01:18.197938+08:00
304410,Hexcells Infinite,1148,be1d6ba04e87f319905f8de32244a1b7a814e014,0,0,0,0,1500396453,,0,True,,0,2025-11-03 01:01:18.197938+08:00
305050,Outland,207,bdfa511693bd167835fb1d32331f0a579dcdb9a5,0,0,0,0,1498219302,,0,True,,0,2025-11-03 01:01:18.197938+08:00
307110,We Need To Go Deeper,132,980d4587a1b72672ba1cd056f5fdb7351fa79be7,132,0,0,0,1658303505,,0,True,,0,2025-11-03 01:01:18.197938+08:00
307670,Hard West,136,1826db67e734fd42f7590ea50e1f72d8beb53594,136,0,0,0,1702629269,,0,True,,0,2025-11-03 01:01:18.197938+08:00
308040,Back to Bed,166,030732feca4ee5746b201e4e8e06c003f4df7850,0,0,0,0,1506862561,,0,True,,0,2025-11-03 01:01:18.197938+08:00
308600,Skillshot City,141,e0ba85c5d76697b6c1f8999f4ee5691eda138185,0,0,0,0,1548884393,"[2, 5]",0,True,,0,2025-11-03 01:01:18.197938+08:00
310560,DiRT Rally,0,6af1249ba4f9c521ce981ee040ffa3b9ca603911,0,0,0,0,0,,0,True,,0,2025-11-03 01:01:18.197938+08:00
311340,METAL GEAR SOLID V: GROUND ZEROES,0,60ea6c7b08077263bac018bcd32435ec858e867c,0,0,0,0,0,,0,True,True,0,2025-11-03 01:01:18.197938+08:00
311560,Assassin's Creed Rogue,0,422e9d527f4a509a179cfbd2832b47db793d8000,0,0,0,0,0,,0,True,,0,2025-11-03 01:01:18.197938+08:00
314410,Rampage Knights,156,c4b3cd5f2027ac8e66a88d0f7951a7ccd489a517,0,0,0,0,1511612859,[5],0,True,,0,2025-11-03 01:01:18.197938+08:00
319630,Life is Strange™,446,e54b13da0710a35e7088664a77632e79157d8332,0,0,0,0,1498639433,,0,True,,0,2025-11-03 01:01:18.197938+08:00
319830,AX:EL,0,73dc717c834118172f4a37a89c07af4c718a2c1f,0,0,0,0,0,,0,True,,0,2025-11-03 01:01:18.197938+08:00
320690,The Treasures of Montezuma 3,165,0ed5f6e568af114081a3158f4eb005e05003a08a,165,0,0,0,1688981148,,0,,,0,2025-11-03 01:01:18.197938+08:00
321800,Icewind Dale: Enhanced Edition,136,90b0786f313aa250ed9abee653a0c7d5e0e08c69,136,0,0,0,1702629025,,0,True,,0,2025-11-03 01:01:18.197938+08:00
322190,SteamWorld Heist,175,5838d342266d56bdf4416d59d35939df5d52b2f0,175,0,0,0,1749872536,,0,True,,0,2025-11-03 01:01:18.197938+08:00
322210,"Guns, Gore & Cannoli",126,39f6e70920a63bd0b9fc34a3e5a2c7d8a87de56c,126,0,0,0,1658304240,,0,True,,0,2025-11-03 01:01:18.197938+08:00
322330,Don't Starve Together,10697,a80aa6cff8eebc1cbc18c367d9ab063e1553b0ee,9799,0,0,0,1610448911,,0,,,0,2025-11-03 01:01:18.197938+08:00
323190,Frostpunk,201,0561084dfe24c469c905fe0681da82aa31102836,201,0,0,0,1717073607,[5],0,True,,0,2025-11-03 01:01:18.197938+08:00
323580,Jotun: Valhalla Edition,166,69b336a11a1e8acee4034b970a89c1df7cf53b32,0,0,0,0,1506872538,,0,True,,0,2025-11-03 01:01:18.197938+08:00
324740,The Warlock of Firetop Mountain,172,4fceaa7fab76e5b232c21437362973ce99c57fb7,0,0,0,0,1512897184,,0,True,,0,2025-11-03 01:01:18.197938+08:00
330020,Children of Morta,134,29e179c5c7ac3aa6d3fb15ca5b19fd1124af4e7b,134,0,0,0,1614948164,,0,True,,0,2025-11-03 01:01:18.197938+08:00
333300,ADOM (Ancient Domains Of Mystery),125,6e5e1a6870889cf82521c1ccf57d80bccf0a919c,125,0,0,0,1658304250,,0,True,,0,2025-11-03 01:01:18.197938+08:00
334210,Fortified,174,535ed4d2687fbab89d9e60d8cd0fffd2cbeb4b4f,0,0,0,0,1538218277,,0,True,,0,2025-11-03 01:01:18.197938+08:00
336030,Race.a.bit,137,b5efde09be2098564b15158c08c6061f643babb7,137,0,0,0,1702629128,,0,True,,0,2025-11-03 01:01:18.197938+08:00
338320,Pixel Heroes: Byte & Magic,136,73c001ae9e62b9922ac658791cf8c381be455a71,136,0,0,0,1702629092,,0,True,,0,2025-11-03 01:01:18.197938+08:00
339800,HuniePop,556,a49f1398797b570567b73ec5f74e2e31cc39e273,6,0,0,0,1672068502,"[1, 3, 5, 4]",0,True,,0,2025-11-03 01:01:18.197938+08:00
343710,KHOLAT,140,77c0fe5a1f94460962d547716a1391bb0ad8264e,140,0,0,0,1614948816,,0,True,,0,2025-11-03 01:01:18.197938+08:00
345180,Victor Vran,133,daf6abde5f6599264275244b46d38c6fad84d6e1,133,0,0,0,1614948998,,0,True,,0,2025-11-03 01:01:18.197938+08:00
346110,ARK: Survival Evolved,0,fef1799533131c10f538d2dd697bbbd89e663265,0,0,0,0,0,,0,True,,0,2025-11-03 01:01:18.197938+08:00
346940,Shadowrun: Hong Kong - Extended Edition,0,04a8418d6cbc545260dbada086048ef8a6d0d408,0,0,0,0,0,[5],0,True,,0,2025-11-03 01:01:18.197938+08:00
352220,King of Dragon Pass,137,3b5b02149de53e7ecf56a8de63a372c217d1af81,137,0,0,0,1702629179,,0,True,,0,2025-11-03 01:01:18.197938+08:00
355790,Styx: Shards of Darkness,170,566c3445e7f3437ab0c3350af2302cdc38452cb0,170,0,0,0,1749654979,,0,True,,0,2025-11-03 01:01:18.197938+08:00
356040,Sheltered,135,2e1c4674ec7ef073a6941cb95284588c58edbed2,135,0,0,0,1702628934,,0,True,,0,2025-11-03 01:01:18.197938+08:00
356570,Party Hard,136,7435291bc4a3c11c601c903bf79ac9f75ee0a839,136,0,0,0,1749643573,"[2, 5]",0,True,,0,2025-11-03 01:01:18.197938+08:00
357070,UBERMOSH,128,e8cd0580affd04d1da681da369fb0d5f927dae8d,128,0,0,0,1761136729,,0,True,,29,2025-11-03 01:01:18.197938+08:00
358130,Curious Expedition,123,63782e6caed1613ae610e7dc81ce1e427536411e,0,0,0,0,1538222843,,0,True,,0,2025-11-03 01:01:18.197938+08:00
358830,Good Robot,397,687d70aa92d294cb70322ca305aa1846eb92879b,0,0,0,0,1494006140,,0,True,True,0,2025-11-03 01:01:18.197938+08:00
359350,Defunct,135,1415edeed083eb0b1d284bf96e3a84fc1aa40f4e,135,0,0,0,1702628806,,0,True,,0,2025-11-03 01:01:18.197938+08:00
359550,Tom Clancy's Rainbow Six® Siege X,3947,624745d333ac54aedb1ee911013e2edb7722550e,328,0,0,0,1667458021,[5],0,,,0,2025-11-03 01:01:18.197938+08:00
360740,Downwell,0,b9b9c2f5cdf91b90e468d9140deceb80be3e0a06,0,0,0,0,0,,0,True,,0,2025-11-03 01:01:18.197938+08:00
364420,Roguelands,0,3d3f0d1cfe44d2d739bcf6c088f1ce058230cad4,0,0,0,0,0,,0,,,0,2025-11-03 01:01:18.197938+08:00
367520,Hollow Knight,899,f6ab055c2366237200b1a31cccbd6cf81e436d72,626,0,0,0,1752902514,,0,True,,0,2025-11-03 01:01:18.197938+08:00
367580,Hook,123,ce3ee9c92cc2c0ade27224c28afce44173fce14a,123,0,0,0,1668108088,,0,True,,0,2025-11-03 01:01:18.197938+08:00
368230,Kingdom: Classic,123,0d741624c643448ff74741f50a4b80a24529b869,0,0,0,0,1538223092,,0,True,,0,2025-11-03 01:01:18.197938+08:00
368260,Marvel's Midnight Suns,0,67a641b993a2bfab72a2466b4ee7050c184b7dc5,0,0,0,0,0,"[2, 5]",0,True,,0,2025-11-03 01:01:18.197938+08:00
368500,Assassin's Creed Syndicate,60,4f67f650e621319029fa884755dbd89a2d7076f6,60,0,0,0,1756045207,[5],0,True,,0,2025-11-03 01:01:18.197938+08:00
369990,"Gremlins, Inc.",748,b09c60a3c63c5feb3a683510883416d9301a6a5b,748,0,0,0,1672068235,,0,True,,0,2025-11-03 01:01:18.197938+08:00
371140,Aegis Defenders,0,cad07b03cccb3aa0d727a9ca56c74fefa62d722c,0,0,0,0,0,,0,True,,0,2025-11-03 01:01:18.197938+08:00
373420,Divinity: Original Sin Enhanced Edition,6811,822ff912b2e464fbebbedf7a75ae1eb24921f16b,0,0,0,0,1563899271,[5],0,True,,0,2025-11-03 01:01:18.197938+08:00
374040,Portal Knights,798,464bad8b53edd14ea24f1bf0315a84740220f470,5,0,0,0,1672069826,,0,True,,0,2025-11-03 01:01:18.197938+08:00
380600,Fishing Planet,164,df6785140de8c32f6baec7fd7fd74c5823459250,164,0,0,0,1752852347,,0,True,,0,2025-11-03 01:01:18.197938+08:00
383840,Nimbatus - The Space Drone Constructor,130,486e85ee1097718e93b8f99755610f602b063426,130,0,0,0,1658304874,,0,True,,0,2025-11-03 01:01:18.197938+08:00
383870,Firewatch,162,d13e70a08cab192c52104f315a7d68591c085e81,0,0,0,0,1490378484,"[1, 5]",0,True,,0,2025-11-03 01:01:18.197938+08:00
384310,Dead In Bermuda,0,477e57c98ce82c2be8efa35cbdc0ed8cf1c8437a,0,0,0,0,0,[5],0,True,,0,2025-11-03 01:01:18.197938+08:00
387290,Ori and the Blind Forest: Definitive Edition,1035,a8b0c1ca89fa421e5061d4ac5c17e2fbf4f08845,1035,0,0,0,1737365197,,0,True,,0,2025-11-03 01:01:18.197938+08:00
391220,Rise of the Tomb Raider,133,0b8a37f32ed2b7c934be8aa94d53f71e274c6497,133,0,0,0,1614948277,,0,True,,0,2025-11-03 01:01:18.197938+08:00
391540,Undertale,519,2ce672b89b63ec1e70d2f12862e72eb4a33e9268,0,0,0,0,1549651479,,0,,,0,2025-11-03 01:01:18.197938+08:00
391720,Layers of Fear (2016),144,0fc90b925c7bbdcc95df6599a01b80dff18e6bbb,0,0,0,0,1538223262,[5],0,True,,0,2025-11-03 01:01:18.197938+08:00
395620,Ittle Dew 2+,137,383c1d4c9351756c8c968d28537778b0f5f5e7e3,137,0,0,0,1702629211,,0,True,True,0,2025-11-03 01:01:18.197938+08:00
398710,Timberman,135,fa15e1b976f0e202c763c176c849a98e03d36559,135,0,0,0,1702628972,,0,True,True,0,2025-11-03 01:01:18.197938+08:00
399820,Kopanito All-Stars Soccer,755,efb557e4cc3effe1c98e718f8fb6aac718484250,524,0,0,0,1672069477,,0,True,,0,2025-11-03 01:01:18.197938+08:00
400180,Okhlos: Omega,500,f59290f7662b535183fa28befa359fd2175d97af,0,0,0,0,1490540138,,0,True,,0,2025-11-03 01:01:18.197938+08:00
400630,Wuppo - Definitive Edition,328,0375820c2dc7c8019a906750bf020662e6208ace,17,0,0,0,1672072551,,0,True,True,0,2025-11-03 01:01:18.197938+08:00
402390,Hyperdrive Massacre,139,105274a3ad3ee0b1dbbce918fc95af83d62ea301,0,0,0,0,1548884226,,0,True,,0,2025-11-03 01:01:18.197938+08:00
403640,Dishonored 2,168,6d6bac950a234764a353c518607dcd01973f5b65,168,0,0,0,1688980735,,0,True,,0,2025-11-03 01:01:18.197938+08:00
403940,Dungelot : Shattered Lands,232,3492819436d0efc16b6c94fda0f8ba277d44c2c9,0,0,0,0,1490431612,,0,True,,0,2025-11-03 01:01:18.197938+08:00
404590,Vikings - Wolves of Midgard,133,ebb4832947d0789953854865174cc45ee757e03c,133,0,0,0,1614948802,,0,True,,0,2025-11-03 01:01:18.197938+08:00
407530,ARK: Survival Of The Fittest,0,807c673cddebbfee0700a947a75f4872ad136e9b,0,0,0,0,0,,0,,,0,2025-11-03 01:01:18.197938+08:00
409730,Death by Game Show,202,efa0643972450dccbf32c9ad52e9ad0a42b9ca7c,0,0,0,0,1494006284,,0,True,True,0,2025-11-03 01:01:18.197938+08:00
410110,12 is Better Than 6,345,44d90be23a56866578e405250e6658f6270ba6d7,0,0,0,0,1566648907,"[2, 5]",0,True,True,0,2025-11-03 01:01:18.197938+08:00
410820,Starward Rogue,151,dda3098fe5ea5804fb60e816c44eba0521a5c0ce,0,0,0,0,1490369237,,0,True,,0,2025-11-03 01:01:18.197938+08:00
411300,ELEX,129,695b3033fd72bcc3d85d02da2dbe719bd9856fc3,129,0,0,0,1658304862,,0,True,,0,2025-11-03 01:01:18.197938+08:00
413150,Stardew Valley,276,35d1377200084a4034238c05b0c8930451e2fb40,25,0,0,0,1612597318,,0,True,,0,2025-11-03 01:01:18.197938+08:00
416600,Full Metal Furies,211,c0452615278e90c4f810ec78ec60854c1f702b7a,211,0,0,0,1614955551,,0,True,,0,2025-11-03 01:01:18.197938+08:00
416770,SquareCells,70,b4a61003ddb773e0b565f6b6e1dcb5127e0c5d64,55,0,0,0,1672068315,,0,True,,0,2025-11-03 01:01:18.197938+08:00
418270,Draw Slasher,0,24e679ebbc2bf6f541f153c5af266dc83575a32a,0,0,0,0,0,,0,True,,0,2025-11-03 01:01:18.197938+08:00
420060,Candle,262,ebbc7803660896a3623d1d5fa6fc1dcc299f13c5,0,0,0,0,1494059704,,0,True,,0,2025-11-03 01:01:18.197938+08:00
420740,The Deed,0,39d10c70200e26356e7ca7c5cd4ec9b9a7381200,0,0,0,0,0,"[2, 5]",0,True,,0,2025-11-03 01:01:18.197938+08:00
421040,Plantera,182,59e3b68f6dcfc375411d777393444ce91de783a6,182,0,0,0,1749870255,,0,True,,0,2025-11-03 01:01:18.197938+08:00
424250,Balrum,0,88420af5b41778cdd3b1c1ca29be334b4ba40ef8,0,0,0,0,0,,0,True,,0,2025-11-03 01:01:18.197938+08:00
427410,Abiotic Factor,142,789cca4e4e51a6649f5728d870d3a602e3c453fe,142,0,0,0,1761197657,"[2, 5]",0,True,,38,2025-11-03 01:01:18.197938+08:00
431710,Space Pilgrim Episode II: Epsilon Indi,0,0f522f5ab91944db924bfae08d0fa76bcea026de,0,0,0,0,0,[5],0,True,,0,2025-11-03 01:01:18.197938+08:00
431960,Wallpaper Engine,258,72edaed9d748c6cf7397ffb1c83f0b837b9ebd9d,258,0,0,0,1735450597,,0,True,,0,2025-11-03 01:01:18.197938+08:00
434650,Lost Castle,499,8462ea7ace0444710f30a8681714b57a4a7643d6,0,0,0,0,1564489683,,0,True,,0,2025-11-03 01:01:18.197938+08:00
435150,Divinity: Original Sin 2,5400,519a99caef7c5e2b4625c8c2fa0620fb66a752f3,5400,0,0,0,1670309878,[5],0,True,,0,2025-11-03 01:01:18.197938+08:00
435400,Hidden Folks,225,a5e0f8ad097cc58e7fd01d779e4585e163bcd909,194,0,0,0,1616336042,,0,True,,0,2025-11-03 01:01:18.197938+08:00
437920,Tricky Towers,97,b5eaff8c251b1df18d3d8534279242f0908e7403,0,0,0,0,1542473025,,0,True,True,0,2025-11-03 01:01:18.197938+08:00
438080,Surfingers,136,1734c96e3197073bb44c4b3728ed098c962d680b,136,0,0,0,1702629047,,0,True,True,0,2025-11-03 01:01:18.197938+08:00
439190,Stories: The Path of Destinies,145,ed3383f9deed7e41515d34e544a67258fcf91c23,0,0,0,0,1538223534,,0,True,,0,2025-11-03 01:01:18.197938+08:00
439910,Risky Rescue,135,ca64f83fa61933f61503abbf4911a3d26e5f3d76,135,0,0,0,1702628576,,0,True,True,0,2025-11-03 01:01:18.197938+08:00
441380,PAC-MAN™ CHAMPIONSHIP EDITION 2,0,782fe2de0839f6898e2dc1d220f9ed229563a9d3,0,0,0,0,0,,0,True,,0,2025-11-03 01:01:18.197938+08:00
442070,Drawful 2,0,a2aab99a9ec657f817aff247593b3310cae44288,0,0,0,0,0,,0,True,,0,2025-11-03 01:01:18.197938+08:00
445980,Wizard of Legend,165,1177948ac90affc4ede111e2bb9f3f7b78122189,165,0,0,0,1688981145,,0,True,,0,2025-11-03 01:01:18.197938+08:00
447040,Watch_Dogs 2,0,49dc5c3e4053e40159ffa73d2121daadbc467fe2,0,0,0,0,0,[5],0,True,,0,2025-11-03 01:01:18.197938+08:00
449960,Book of Demons,131,d1984fec656bac08a20b4fdd9d6c9e272295c5d7,131,0,0,0,1614949147,,0,True,True,0,2025-11-03 01:01:18.197938+08:00
451020,Battle Chasers: Nightwar,915,07852ee68f15102a0c14ddd404b52ffc62273cff,915,0,0,0,1672073864,,0,True,,0,2025-11-03 01:01:18.197938+08:00
452060,Caveblazers,164,3adc638e097221d750c50228d3eff395613db3c7,164,0,0,0,1688980317,,0,True,True,0,2025-11-03 01:01:18.197938+08:00
456810,Zombillie,145,166efb85f86f036568d1583c34ba5a7c82fb7a75,145,0,0,0,1702629218,,0,True,True,0,2025-11-03 01:01:18.197938+08:00
458710,Kingdom Rush Frontiers,123,5830f91eb62be434e08f053b59bbfa95f0e53424,123,0,0,0,1668108099,,0,True,True,0,2025-11-03 01:01:18.197938+08:00
460950,Katana ZERO,126,874ee87e03abd66ff158727c051ceb173e3cba3c,126,0,0,0,1658304463,"[2, 5]",0,True,,0,2025-11-03 01:01:18.197938+08:00
462770,Pyre,137,75ed6f3b5fe1413ff42c21d2493a0e99c704ef2e,137,0,0,0,1702629247,,0,True,,0,2025-11-03 01:01:18.197938+08:00
464920,Surviving Mars,0,6c0bbf943ed725a16304161b89061ac1d37f6a2a,0,0,0,0,0,,0,True,,0,2025-11-03 01:01:18.197938+08:00
465200,Fury Unleashed,128,537c74691750b8a0b9fad10023d64779835989b8,128,0,0,0,1658304934,"[2, 5]",0,True,True,0,2025-11-03 01:01:18.197938+08:00
466300,Planescape: Torment: Enhanced Edition,160,4e1c0c44dbe08a29733cd96ab0f8fc87db8b60ea,160,0,0,0,1761200303,,0,True,,61,2025-11-03 01:01:18.197938+08:00
466560,Northgard,170,f290db6bc98c8b40d01a13b9c99baaf705c6ac17,0,0,0,0,1524556969,,0,True,,0,2025-11-03 01:01:18.197938+08:00
470310,TROUBLESHOOTER: Abandoned Children,11533,3bf82fbc61ee907323fb8d7cfd4b1b568a81219e,11533,0,0,0,1688978092,,0,True,,0,2025-11-03 01:01:18.197938+08:00
470780,She Remembered Caterpillars,238,4447df6c232b6c90489fbe1f603ef2f194f2a3ec,238,0,0,0,1665737262,,0,True,,0,2025-11-03 01:01:18.197938+08:00
471550,Nine Parchments,127,0b634db73b3ad763a837ae9fbee2038bb4a08919,127,0,0,0,1658304422,,0,True,,0,2025-11-03 01:01:18.197938+08:00
473530,Slime-san,136,6658909df5c1bc6fdc7e031434ef8ac0f4c942db,136,0,0,0,1702629259,,0,True,True,0,2025-11-03 01:01:18.197938+08:00
475550,Beholder,282,1025e7d1606b1e7a7f17048532039d78241e9f5d,0,0,0,0,1490446492,"[2, 5]",0,True,,0,2025-11-03 01:01:18.197938+08:00
477160,Human Fall Flat,1478,15c6f6a4d69633a63ee410b24a2417f16d803b06,621,0,0,0,1612023410,,0,True,,0,2025-11-03 01:01:18.197938+08:00
482400,System Shock,0,02f179d02ba16944514e46cee8c614e04d2567b7,0,0,0,0,0,"[2, 5]",0,True,,0,2025-11-03 01:01:18.197938+08:00
485440,Call Of The Mighty Warriors,181,5e81cc4b8b83bec44fd4a1e33accef01e6563976,0,0,0,0,1511537374,,0,True,,0,2025-11-03 01:01:18.197938+08:00
486310,Meadow,195,7f3cfce2c211d10ad17dbf007a48f7f164f63d3a,14,0,0,0,1672066160,,0,True,True,0,2025-11-03 01:01:18.197938+08:00
488960,Star Vikings Forever,135,445174280f3268d4c55d213da6b865f0354252a3,135,0,0,0,1702628603,,0,True,,0,2025-11-03 01:01:18.197938+08:00
489520,Minion Masters,232,ad87d123224d786a413a6021ddaf9257e26c0a28,0,0,0,0,1494065256,,0,True,,0,2025-11-03 01:01:18.197938+08:00
489630,"Warhammer 40,000: Gladius - Relics of War",0,ba6ea4fbeec62073763e103450e8aa7c5373d010,0,0,0,0,0,,0,True,,0,2025-11-03 01:01:18.197938+08:00
490860,DashBored,0,5e8b05d87520ff4f740231e6c3d0e84ee5fac24d,0,0,0,0,0,,0,True,,0,2025-11-03 01:01:18.197938+08:00
491950,Orwell,140,b441225f23801a11dce373c2ee9caea2061b3858,0,0,0,0,1548884476,[5],0,True,,0,2025-11-03 01:01:18.197938+08:00
494580,STANDBY,333,e7f0a6da307b50671a2d2f325f5dacc56015e3e5,0,0,0,0,1494087350,,0,True,,0,2025-11-03 01:01:18.197938+08:00
497780,Recursed,184,750678d495547c1bb940dd3555f67a37260728f3,184,0,0,0,1749870676,,0,True,,0,2025-11-03 01:01:18.197938+08:00
503560,911 Operator,0,823158b3e81e69f1fb9c355c86f05655575e6317,0,0,0,0,0,,0,True,,0,2025-11-03 01:01:18.197938+08:00
504130,Manual Samuel - Last Tuesday Edition,421,f84a191bc1707b2667d9ea7176a998fd15d7f37b,0,0,0,0,1494079401,,0,True,True,0,2025-11-03 01:01:18.197938+08:00
508900,Zup! X,176,c5b27d48252edb7297e869444ac3972d23b47f57,176,0,0,0,1688975539,,0,True,,0,2025-11-03 01:01:18.197938+08:00
510840,Evolvation,139,3afc0d947233c574763d5db8e3db78225f7850d5,0,0,0,0,1548884252,,0,True,True,0,2025-11-03 01:01:18.197938+08:00
511470,Glass Masquerade,249,637bd571f44547a2140bb48a3e7f6783f3d46251,0,0,0,0,1514295322,,0,True,,0,2025-11-03 01:01:18.197938+08:00
512900,Streets of Rogue,172,36dad6939749b4ccca0d1e2298b8e79e154b5135,0,0,0,0,1538224325,,0,True,,0,2025-11-03 01:01:18.197938+08:00
513780,Turbo Pug DX,127,f040ae871b63b093712f198e2d679db6e97aef34,0,0,0,0,1538222922,,0,True,,0,2025-11-03 01:01:18.197938+08:00
517630,Just Cause 4,123,f2f0824cf788ba0acb3dad3b39cd6f25de06e667,123,0,0,0,1668108096,"[2, 5]",0,True,,0,2025-11-03 01:01:18.197938+08:00
522040,Princess Remedy In A Heap of Trouble,0,9a9aa3ec803e1a37edcd07c67ba036737c1a676d,0,0,0,0,0,,0,,,0,2025-11-03 01:01:18.197938+08:00
522210,Serial Cleaner,155,7acb2dab5cb88a0fd80e03f864e2148218356619,155,0,0,0,1672073074,,0,True,,0,2025-11-03 01:01:18.197938+08:00
529660,Mages of Mystralia,132,0c5b52ddab1e73a0539ed1527e14a78b78a11261,132,0,0,0,1614948928,,0,True,,0,2025-11-03 01:01:18.197938+08:00
531930,Dungeon Rats,0,a9892255c8d219dc0b5c9015de9f5ca595c3138b,0,0,0,0,0,,0,True,,0,2025-11-03 01:01:18.197938+08:00
535230,Domina,261,5297069288bcac7734913c509318ad7b3e506211,0,0,0,0,1513957010,,0,True,,0,2025-11-03 01:01:18.197938+08:00
537800,Bomber Crew,0,8af44d76dd3688b8b5b12a7fd9091f6d32fd3703,0,0,0,0,0,,0,True,True,0,2025-11-03 01:01:18.197938+08:00
539470,Police Stories,0,290c3cb57a354ba5de921314858c6012f464dc1f,0,0,0,0,0,"[2, 5]",0,True,,0,2025-11-03 01:01:18.197938+08:00
544610,Battlestar Galactica Deadlock,0,9f04e46ee137eac4bcd300c566c91c858abb3c55,0,0,0,0,0,,0,True,,0,2025-11-03 01:01:18.197938+08:00
546090,Trip to Vinelands,127,9fb1ad4ba8ebc025971ccd3ca36b1f0cdcc064b7,127,0,0,0,1761137989,,0,True,,25,2025-11-03 01:01:18.197938+08:00
552500,Warhammer: Vermintide 2,0,a671f2ddf7359beba9702ac097baf6d50cb07202,0,0,0,0,0,"[2, 5]",0,True,,0,2025-11-03 01:01:18.197938+08:00
552990,World of Warships,149,023b6bb5bcf82f9222d70cd38fdb18a899bd67e8,149,0,0,0,1761199216,,0,True,,45,2025-11-03 01:01:18.197938+08:00
553210,"Warhammer 40,000: Space Wolf",144,cfe3e55633a81f361f17c68e2930f55298935fa5,144,0,0,0,1702628742,,0,True,,0,2025-11-03 01:01:18.197938+08:00
553850,HELLDIVERS™ 2,1550,c3dff088e090f81d6e3d88eabbb67732647c69cf,1550,0,0,0,1762091264,"[2, 5]",0,True,,826,2025-11-03 01:01:18.197938+08:00
555670,Infinitum,156,8422dfc909a55a80b42db9aecf7c8f194523a9b3,0,0,0,0,1490549719,,0,,,0,2025-11-03 01:01:18.197938+08:00
557340,My Friend Pedro,41,734deb65d5561961595a190fa2d2adf61d607efe,41,0,0,0,1586014252,"[2, 5]",0,True,,0,2025-11-03 01:01:18.197938+08:00
557600,Gorogoa,136,ae001eaabbb76bf67661566249c978b73c4693e7,0,0,0,0,1561783142,,0,True,,0,2025-11-03 01:01:18.197938+08:00
571310,SteamWorld Dig 2,0,dd93b3ef55eca4f9b30dac04450bf03fed2c31a6,0,0,0,0,0,,0,True,,0,2025-11-03 01:01:18.197938+08:00
576770,Low Magic Age,134,49187c57eaad8e0f4e2454b0a83cd533bd080c6c,134,0,0,0,1761197539,,0,True,,49,2025-11-03 01:01:18.197938+08:00
578080,PUBG: BATTLEGROUNDS,1147,609f27278aa70697c13bf99f32c5a0248c381f9d,76,0,0,0,1749906739,"[2, 5]",0,True,,0,2025-11-03 01:01:18.197938+08:00
582010,Monster Hunter: World,8697,6ec147f2d423f435e15eb79b3d82f771913de634,8581,0,0,0,1761934174,,0,True,,450,2025-11-03 01:01:18.197938+08:00
582660,Black Desert,0,bf5ccace0a692720984827bf042143d0d4b28a42,0,0,0,0,0,"[1, 5]",0,,,0,2025-11-03 01:01:18.197938+08:00
585450,Shadows: Awakening,130,07481d66b77cbe7b6d94726968ba0f99bdeb4b42,130,0,0,0,1614948995,,0,True,,0,2025-11-03 01:01:18.197938+08:00
587180,Wulverblade,130,9fdaa5a24ff8751288491947cc873e10233eaa3b,130,0,0,0,1658303508,"[2, 5]",0,True,True,0,2025-11-03 01:01:18.197938+08:00
587620,Okami HD,130,fb528ddda674892e2430fbf4a3b2e79cd16e35c9,130,0,0,0,1658304881,,0,True,,0,2025-11-03 01:01:18.197938+08:00
588650,Dead Cells,354,a431361e5dae5fd6ac2433064b62b2a37abc38f1,1,0,0,0,1637828255,"[2, 5]",0,True,,0,2025-11-03 01:01:18.197938+08:00
588950,Kingsway,0,2096933f05285365171fec5b19984f5d838c3b04,0,0,0,0,0,,0,True,,0,2025-11-03 01:01:18.197938+08:00
588970,Oik,140,612e53015b3cc4cc378977a620b67de5a8f2e833,0,0,0,0,1487264157,,0,True,,0,2025-11-03 01:01:18.197938+08:00
590380,Into the Breach,633,0539a82edc8163180b672bf9e073d53687ab3cad,601,0,0,0,1667636874,,0,True,,0,2025-11-03 01:01:18.197938+08:00
597820,BIOMUTANT,158,9619e5375779196cceb3ad0d99cbd79eb2a06b9b,158,0,0,0,1688979891,,0,True,,0,2025-11-03 01:01:18.197938+08:00
599140,Graveyard Keeper,137,b37ef6d7eb243b4d9fc017dec7bc11b234f34cc2,137,0,0,0,1702629278,"[2, 5]",0,True,,0,2025-11-03 01:01:18.197938+08:00
600420,Mob Rule Classic,0,64862d2c196d7a5688b9972b58ebccb4caa8218b,0,0,0,0,0,,0,,,0,2025-11-03 01:01:18.197938+08:00
602960,Barotrauma,258,a0adb0f29ce819c6dffa32446624fb7648defc5a,258,0,0,0,1743870769,"[2, 5]",0,True,,0,2025-11-03 01:01:18.197938+08:00
606150,Moonlighter,129,13ffc570ce5bbe6a5a0c0eec567b87dab07cae25,129,0,0,0,1614948950,,0,True,,0,2025-11-03 01:01:18.197938+08:00
608800,Guns of Icarus Alliance,0,d7f95f73cbed6458a74bcd4a7c0872fe332367ec,0,0,0,0,0,,0,True,,0,2025-11-03 01:01:18.197938+08:00
609920,Hotshot Racing,0,8fa14d0e6a7b1976e996959e8450c12a40089ea6,0,0,0,0,0,,0,True,,0,2025-11-03 01:01:18.197938+08:00
610370,Desperados III,127,3f8d3ff835397cb30ee44693757456060946de63,127,0,0,0,1658304930,"[2, 5]",0,True,,0,2025-11-03 01:01:18.197938+08:00
613390,DUNGEONS OF CHAOS,0,7653508b6585fdb3214afd2edc655a1bdfae0c63,0,0,0,0,0,,0,True,,0,2025-11-03 01:01:18.197938+08:00
616560,Ultimate Epic Battle Simulator,0,808ec0919be68550c107fc513522633dc7656885,0,0,0,0,0,"[2, 5]",0,,,0,2025-11-03 01:01:18.197938+08:00
617480,Tower of Time,136,0313d762afd0b960dd888458fc9fa6ebd33cae5a,136,0,0,0,1702629140,,0,True,True,0,2025-11-03 01:01:18.197938+08:00
621930,Attack of the Earthlings,0,fdf08278a149af1b65177780b3357a9e8525703e,0,0,0,0,0,[5],0,True,,0,2025-11-03 01:01:18.197938+08:00
622870,Within the blade,144,65504a42a1f79141ee9805803f83cd0731ebeb3d,144,0,0,0,1702628884,"[2, 5]",0,True,,0,2025-11-03 01:01:18.197938+08:00
623990,Tom Clancy's Rainbow Six Siege - Test Server,0,20deaf466474f76f2ffdb345fe56f40fe3af74c0,0,0,0,0,0,,0,,,0,2025-11-03 01:01:18.197938+08:00
624090,Football Manager 2018,1063,5d7e504617eab02c627df669313f12f3f388ecef,534,0,0,0,1672064820,,0,True,,0,2025-11-03 01:01:18.197938+08:00
624120,Football Manager Touch 2018,0,32846e318c752a9b7e38efabb216f4902c66aaff,0,0,0,0,0,,0,True,,0,2025-11-03 01:01:18.197938+08:00
624690,NEXT JUMP: Shmup Tactics,0,c31aa58c0d3f7ccfbf99bfd81918e4767641be82,0,0,0,0,0,,0,True,True,0,2025-11-03 01:01:18.197938+08:00
632000,CrossCells,88,7b0e36bf1e034b1f8c72cb4f28da79945a716bcd,43,0,0,0,1634658231,,0,True,,0,2025-11-03 01:01:18.197938+08:00
638070,Murderous Pursuits,140,5e7b5bfa87997037ace85ae60883309a8cb0ffbf,0,0,0,0,1548884414,,0,True,True,0,2025-11-03 01:01:18.197938+08:00
644830,The Surge 2,191,b0c566305cdadfc8a7d75a5fbcfb7cf7403c4766,191,0,0,0,1658301563,"[2, 5]",0,True,,0,2025-11-03 01:01:18.197938+08:00
646270,60 Parsecs!,136,033862bceecdc058a47d488f0be480029342d49f,136,0,0,0,1614948173,,0,True,,0,2025-11-03 01:01:18.197938+08:00
646570,Slay the Spire,2295,33ea124ea8c03a9ce7012d34c3b348a351612fca,1066,0,0,0,1754393634,,0,True,True,0,2025-11-03 01:01:18.197938+08:00
648800,Raft,254,6a9ae357c4133b1b631b520edd25b1974f3afb68,254,0,0,0,1672067789,,0,True,,0,2025-11-03 01:01:18.197938+08:00
654310,For Honor - Public Test,0,64dd8eca34f0b5faeda135f057da1973806852f2,0,0,0,0,0,,0,,,0,2025-11-03 01:01:18.197938+08:00
660160,Field of Glory II,0,69e42fb6bde64f155cd5efc2f5c5a4642c18e9a4,0,0,0,0,0,,0,True,,0,2025-11-03 01:01:18.197938+08:00
664000,HammerHelm,136,bfc69b2a188fdaa3708b7a6659ba51aa3f442674,136,0,0,0,1702629007,,0,True,,0,2025-11-03 01:01:18.197938+08:00
675220,SoulFrost,0,6d648b96949dca9e77eb3372a0e04d94bf1935d8,0,0,0,0,0,,0,,,0,2025-11-03 01:01:18.197938+08:00
677120,Heroes of Hammerwatch,136,35b858239823230dbf0eea1daab15b2d00201aa6,136,0,0,0,1702629026,,0,True,,0,2025-11-03 01:01:18.197938+08:00
681730,Nowhere Prophet,129,efb4ab38692ce8b2c4a5e42c0cbd8feb2183825c,129,0,0,0,1658304964,,0,True,,0,2025-11-03 01:01:18.197938+08:00
688420,Bad North: Jotunn Edition,309,038a9c080d91b1963b51498541a718f844a0f162,0,0,0,0,1546183234,[5],0,True,,0,2025-11-03 01:01:18.197938+08:00
688470,Han Xiongnu Wars,0,2a7b24a20c6c844fa2f9616222f4dbd9cbebd19b,0,0,0,0,0,,0,,,0,2025-11-03 01:01:18.197938+08:00
690640,Trine 4: The Nightmare Prince,137,afe71b7d8dd5ceb78d971d1996266c6307ec5fd0,137,0,0,0,1614949020,,0,True,,0,2025-11-03 01:01:18.197938+08:00
691830,Avernum 3: Ruined World,167,a8ab85b97b6d0b162dd10fde05e8d68b9b0a95b0,167,0,0,0,1761116914,,0,True,,2,2025-11-03 01:01:18.197938+08:00
692850,Bloodstained: Ritual of the Night,549,993b57262d28db59ca1afee53681a4c1c87a254f,549,0,0,0,1667311175,,0,True,,0,2025-11-03 01:01:18.197938+08:00
692890,Roboquest,135,3312e8dd4028e24c438abefeea65c28f21aeeaf9,135,0,0,0,1702628589,,0,True,,0,2025-11-03 01:01:18.197938+08:00
696370,BROKE PROTOCOL,140,3f4fb7b421727ce5e6de920a16d0c5b38ac2e0d9,140,0,0,0,1614948796,,0,,,0,2025-11-03 01:01:18.197938+08:00
698640,Deep Sky Derelicts,162,600f90d7044856956fc81c0c6c0450e19614e946,162,0,0,0,1749870976,,0,True,,0,2025-11-03 01:01:18.197938+08:00
699170,Fell Seal: Arbiter's Mark,185,2751691d1de9fda9c48819b2eb83c5ffb30b5da9,185,0,0,0,1688981907,,0,True,,0,2025-11-03 01:01:18.197938+08:00
700160,Semblance,0,2c5e4271d500b207afdc272005f38c8a6bad84c1,0,0,0,0,0,,0,True,,0,2025-11-03 01:01:18.197938+08:00
701160,Kingdom Two Crowns,125,7bf44c4e301a0f6fae78f697b39b5a1268223945,125,0,0,0,1658304034,,0,True,,0,2025-11-03 01:01:18.197938+08:00
701470,TTV2,126,f0b891dc7c68da8aeed43edf590f02c2e98c5547,126,0,0,0,1761136848,,0,True,,23,2025-11-03 01:01:18.197938+08:00
710920,Darksiders Genesis,127,bc17b70c4360207b64d6d0b278d04291bafed2e3,127,0,0,0,1658304973,"[2, 5]",0,True,,0,2025-11-03 01:01:18.197938+08:00
716640,Sigma Theory,0,55ee4e9d97f7ac2103fab58d654296c85241c62f,0,0,0,0,0,,0,True,True,0,2025-11-03 01:01:18.197938+08:00
719040,Wasteland 3,191,86c0cf36d11ec827c0d4b6a64a6d70781d8c1184,191,0,0,0,1688982944,"[1, 2, 5]",0,True,,0,2025-11-03 01:01:18.197938+08:00
728880,Overcooked! 2,440,bac36f471109038ae0b40619de4109d475f86a54,440,0,0,0,1672071654,,0,True,,0,2025-11-03 01:01:18.197938+08:00
736820,Knights of Honor II: Sovereign,163,0c973b4678389d85da835d87ebcec5ca92a1c455,163,0,0,0,1749871274,,0,True,,0,2025-11-03 01:01:18.197938+08:00
739650,Drake Hollow,0,84e50bb9a20a09eee1d780882cbb3c13d2a498e3,0,0,0,0,0,,0,True,,0,2025-11-03 01:01:18.197938+08:00
740080,Deadly Days,127,5b2b8d7aea40666b6edaa08de64ac22b54e81b0b,127,0,0,0,1658304954,,0,True,True,0,2025-11-03 01:01:18.197938+08:00
740410,Puzzle Chambers,0,23fb52b6f56bb51450467c5c689f980785d1920e,0,0,0,0,0,,0,True,,0,2025-11-03 01:01:18.197938+08:00
745920,Temtem,207,5cfd9f691f8ee4c04cdf2227c11026bdb3f6e68a,207,0,0,0,1688983923,,0,True,,0,2025-11-03 01:01:18.197938+08:00
753640,Outer Wilds,171,8d0c2dcfc599445affcbad76a34d89478c022780,171,0,0,0,1688981531,,0,True,,0,2025-11-03 01:01:18.197938+08:00
757320,Atomicrops,0,f9e974fb456444debc2ed6ff25e4f5883015db57,0,0,0,0,0,,0,True,,0,2025-11-03 01:01:18.197938+08:00
757480,Broken Reality,0,a7167e985b4c653f6b4d1154fd182143ca35a36e,0,0,0,0,0,,0,,,0,2025-11-03 01:01:18.197938+08:00
758190,Dragon Cliff 龙崖,6467,a4998a7c50ed542d8c7143abfef5eb1ed4e195d4,6467,0,0,0,1647335860,,0,True,,0,2025-11-03 01:01:18.197938+08:00
769920,Odysseus Kosmos and his Robot Quest - Episode 1,0,ca1193ab54d637332905483eeda582f030d8c54d,0,0,0,0,0,,0,True,,0,2025-11-03 01:01:18.197938+08:00
785790,WHAT THE GOLF?,840,dfbc173846f95b6db536560328860dde84b291f2,840,0,0,0,1669304628,,0,True,,0,2025-11-03 01:01:18.197938+08:00
787810,Rogue Heroes: Ruins of Tasos,126,d9412fd73a1a2addeda79740cc76acc318c8df11,126,0,0,0,1658304705,,0,True,,0,2025-11-03 01:01:18.197938+08:00
788100,Neon Abyss,128,78dfe88f6e4e2d36bf916c88a8100d546989a9e3,128,0,0,0,1658304878,,0,True,,0,2025-11-03 01:01:18.197938+08:00
792710,Levelhead,128,414ee674b21bd6f63843bc84f6b52d300042947c,128,0,0,0,1658304905,,0,True,,0,2025-11-03 01:01:18.197938+08:00
793460,112 Operator,160,c7969b412c7fb346e46e35c7478dc3f641863d09,160,0,0,0,1749869834,,0,True,,0,2025-11-03 01:01:18.197938+08:00
794540,Neo Cab,0,f485a26c4aed665d03018b723254944e45bf7755,0,0,0,0,0,,0,True,,0,2025-11-03 01:01:18.197938+08:00
801280,Cowboy Escape,0,f64c02ab99502dc74bdcab1280226a34447a785f,0,0,0,0,0,,0,,,0,2025-11-03 01:01:18.197938+08:00
812140,Assassin's Creed Odyssey,169,4b6cf0715b30669411bf204bce7ed99a9c84671b,169,0,0,0,1749871395,"[1, 2, 5]",0,True,,0,2025-11-03 01:01:18.197938+08:00
814370,Monster Sanctuary,132,196ebad1786ea378b1cd72a5c40064df802d6577,132,0,0,0,1658304908,,0,True,True,0,2025-11-03 01:01:18.197938+08:00
816340,Kingdom Rush Origins,160,e25b57417e1d0b8f5ee41959254bd4f4ec14f017,160,0,0,0,1668150726,,0,True,,0,2025-11-03 01:01:18.197938+08:00
820520,Deceive Inc.,0,d335379401d45953d01c4dd4039703d5ebdc2af5,0,0,0,0,0,,0,True,,0,2025-11-03 01:01:18.197938+08:00
823130,Totally Accurate Battlegrounds,0,920902c516d435c3d9a6c5ef92e3cd4372f9314b,0,0,0,0,0,,0,,,0,2025-11-03 01:01:18.197938+08:00
826600,I’m not a Monster,0,a158edd4cd86cbc3d0cb6f790f32b842b567898f,0,0,0,0,0,,0,True,,0,2025-11-03 01:01:18.197938+08:00
837880,You Suck at Parking® - Complete Edition,0,4dce460b9d3c46066c3a4e5fcb2484acc2ebc624,0,0,0,0,0,,0,True,,0,2025-11-03 01:01:18.197938+08:00
838350,The Scroll Of Taiwu,2335,da986cd91bbd3b3963b2d7e21f4ec7a67771b1f8,0,0,0,0,1539191163,,0,,,0,2025-11-03 01:01:18.197938+08:00
839770,Phoenix Point,133,81e1bd84f428691bfd6b698ce1034a9e17331c7a,133,0,0,0,1717052681,"[2, 5]",0,True,,0,2025-11-03 01:01:18.197938+08:00
841600,Aura of Worlds,139,fbe638f7ad0b76818ef6ca44d76781766a7c5767,139,0,0,0,1761151153,,0,True,,28,2025-11-03 01:01:18.197938+08:00
844260,Rustler,0,585b68bf670f80effae05a288145da2d99dd0898,0,0,0,0,0,"[2, 5]",0,True,,0,2025-11-03 01:01:18.197938+08:00
844590,Hypnospace Outlaw,134,98ea853e63f3963988297b67cfbb2cb8cb00b7eb,134,0,0,0,1761151070,,0,True,,23,2025-11-03 01:01:18.197938+08:00
845070,The Awesome Adventures of Captain Spirit,0,b0a58984e1e24531843f2bfe0b3d70135b0a8e57,0,0,0,0,0,[5],0,,,0,2025-11-03 01:01:18.197938+08:00
848030,Roundguard,135,cdd02627037cf809c1e67147de7902a07b5730b6,135,0,0,0,1702628614,,0,True,,0,2025-11-03 01:01:18.197938+08:00
860950,Mark of the Ninja: Remastered,1205,15cafd79313f15077051ef753a66e50fd2c41596,1026,0,0,0,1689490567,"[2, 5]",0,True,,0,2025-11-03 01:01:18.197938+08:00
874260,The Forgotten City,0,809723bab51d8ef0eae0556a48e892d31219bfa2,0,0,0,0,0,,0,True,,0,2025-11-03 01:01:18.197938+08:00
880940,Pummel Party,229,0e2e222010d009ca46b575cc5c53a23250434341,229,0,0,0,1615387692,,0,True,,0,2025-11-03 01:01:18.197938+08:00
882100,XCOM: Chimera Squad,0,dd8ae1a236af5d4a833f41aab2fdad902f454c63,0,0,0,0,0,[5],0,True,,0,2025-11-03 01:01:18.197938+08:00
882790,Fate Seeker,2954,0b7119d2a1621646b4cfdd565d73e3701634103e,2954,0,0,0,1744044784,,0,True,,0,2025-11-03 01:01:18.197938+08:00
889910,Hell Pie,135,d714952f11d73ba3f446d350143afd3783b59dc9,135,0,0,0,1717052762,"[1, 2, 5]",0,True,,0,2025-11-03 01:01:18.197938+08:00
892970,Valheim,1010,2f64c9a826e2c6cf3253fea4834c2e612db09143,1010,0,0,0,1613358394,,0,,,0,2025-11-03 01:01:18.197938+08:00
897630,Death Fungeon,0,f199c52f4a581cf93260f0685cfeda358405d8d9,0,0,0,0,0,,0,,,0,2025-11-03 01:01:18.197938+08:00
899770,Last Epoch,10413,af127fa6337a3c44e52690b62f26530d520127f4,10413,0,0,0,1748014552,"[2, 5]",0,,,0,2025-11-03 01:01:18.197938+08:00
900270,Reventure,137,57c6002a51d19bf33511c39d9efdaf8503951080,137,0,0,0,1702629231,"[2, 5]",0,True,,0,2025-11-03 01:01:18.197938+08:00
903950,Last Oasis,0,dbad44bfd78f1808feb47e7817c1689aee63bcc2,0,0,0,0,0,"[2, 5]",0,True,,0,2025-11-03 01:01:18.197938+08:00
908070,Mystic Vale,127,c52414b35c7c36912918d146534e7ffa1addfe0a,127,0,0,0,1717052129,,0,True,True,0,2025-11-03 01:01:18.197938+08:00
911400,Assassin's Creed III Remastered,0,68e5640754e5ddf29aadff49062fa68cc8c8f4a5,0,0,0,0,0,[5],0,True,,0,2025-11-03 01:01:18.197938+08:00
921800,Encased,173,4ba8bd5beefc391da5754a335e69294d9bf928b9,173,0,0,0,1688981143,,0,True,,0,2025-11-03 01:01:18.197938+08:00
928960,Godfall,0,ba458214ffb447e82d01e6d8eb0398f648b54a05,0,0,0,0,0,,0,True,,0,2025-11-03 01:01:18.197938+08:00
940710,Colt Canyon,128,b4bd7f519e8884112d6d082e6a1099cff2a30cbd,128,0,0,0,1658304974,"[2, 5]",0,True,True,0,2025-11-03 01:01:18.197938+08:00
941410,Touhou: Dreaming Butterfly | 东方蝶梦志,0,341397db2847b1bc2a7dc8c7ef9f5cce95da5e29,0,0,0,0,0,,0,,,0,2025-11-03 01:01:18.197938+08:00
950670,Gothic Playable Teaser,0,28c88dae098c9fa8efbdad3cff05bb3dd8652cc4,0,0,0,0,0,"[2, 5]",0,True,,0,2025-11-03 01:01:18.197938+08:00
951430,Dead Age 2,136,ea0ba4a9752d2e55cec3a809b7c0cd2217e71299,136,0,0,0,1702628990,[5],0,True,,0,2025-11-03 01:01:18.197938+08:00
952860,河洛群俠傳 (Ho Tu Lo Shu ： The Books of Dragon),0,f1754532958ad64e1521dfe59c06ef928eaca6b7,0,0,0,0,0,"[2, 5]",0,True,,0,2025-11-03 01:01:18.197938+08:00
960690,One Step From Eden,132,1d0594e2b56182250b9822e7d909f76080fff4c0,132,0,0,0,1614949001,,0,True,,0,2025-11-03 01:01:18.197938+08:00
962580,Summer in Mara,148,e04b8a76de0da6666e1366f07edbaec6669a3660,148,0,0,0,1761197230,,0,True,,61,2025-11-03 01:01:18.197938+08:00
965680,Boomerang Fu,132,b931535c0cbe5c37a34ed2cffd752cd59c4e41d4,132,0,0,0,1614949133,,0,True,,0,2025-11-03 01:01:18.197938+08:00
968870,Close To The Sun,134,8dc88bb6cfb298aebd4f3b9102791daf4ad1c138,134,0,0,0,1614948613,"[2, 5]",0,True,,0,2025-11-03 01:01:18.197938+08:00
969990,SpongeBob SquarePants: Battle for Bikini Bottom - Rehydrated,135,8bf99a995dd152cab12a6363261a2d9ba7604f4f,135,0,0,0,1658304715,,0,True,,0,2025-11-03 01:01:18.197938+08:00
970500,秦殇,65,7de94e78bacb0ce4687441df875ad0d928aa633e,65,0,0,0,1690468201,,0,,,0,2025-11-03 01:01:18.197938+08:00
970830,The Dungeon Of Naheulbeuk: The Amulet Of Chaos,123,94f181ccae8986aff5603cfe8ee61d349598a893,123,0,0,0,1668108119,,0,True,,0,2025-11-03 01:01:18.197938+08:00
970960,Rebel Cops,127,f9405f48027a217571174976c4cf00f41c9063a0,127,0,0,0,1658304943,"[2, 5]",0,True,True,0,2025-11-03 01:01:18.197938+08:00
972660,Spiritfarer®: Farewell Edition,2940,21c6c86b51df38e9480231792acf0cfc30f51820,2940,0,0,0,1689489614,[5],0,True,,0,2025-11-03 01:01:18.197938+08:00
973760,Thronebreaker: The Witcher Tales,136,c1f8e9dddd16f817b624d7e18f0af525dbb867dd,136,0,0,0,1614948956,,0,True,,0,2025-11-03 01:01:18.197938+08:00
976730,Halo: The Master Chief Collection,176,196a45d8df1981ff6b6b1872a38dc38f6c22875d,176,0,0,0,1688981905,"[2, 5]",0,True,,0,2025-11-03 01:01:18.197938+08:00
977650,DwarfHeim,0,4a7487cf7e1ad346d0d459d48889bac8126a73ee,0,0,0,0,0,,0,True,,0,2025-11-03 01:01:18.197938+08:00
978520,Legend of Keepers,187,84fc57d09dee3845456c83398034d1ded7f40658,187,0,0,0,1688982617,,0,True,True,0,2025-11-03 01:01:18.197938+08:00
979120,Autonauts,145,45b40ac65153e3137938f0db71224cd425e7b63c,145,0,0,0,1702629241,,0,True,,0,2025-11-03 01:01:18.197938+08:00
991810,Strategic Mind: The Pacific,127,4ad26454e999091e236c791f3f621f39ffdc69c2,127,0,0,0,1717052503,,0,True,,0,2025-11-03 01:01:18.197938+08:00
993090,Lossless Scaling,2,42900f430ed7828d2dfa25f07ac02e3de96bc520,2,0,0,0,1759553104,,0,,,0,2025-11-03 01:01:18.197938+08:00
994280,Gujian3(古剑奇谭三),22,df578400e899bfd1605c01ce5ff6894c5d986ffb,22,0,0,0,1593000003,,0,True,,0,2025-11-03 01:01:18.197938+08:00
995980,Fae Tactics,0,dab23e74b25be76f96a5453fd49703c297d8c84b,0,0,0,0,0,,0,True,,0,2025-11-03 01:01:18.197938+08:00
998740,Ring of Pain,125,ed6af653684527f88d189ad86ed958c106931d5b,125,0,0,0,1658304349,,0,True,,0,2025-11-03 01:01:18.197938+08:00
1016790,West of Dead,0,5eb00dd429aa9345a0ce57632b9b37370580695e,0,0,0,0,0,,0,True,,0,2025-11-03 01:01:18.197938+08:00
1021770, Wanba Warriors,140,e3e26f0a89005134642c6b40c5e25a74f995713b,140,0,0,0,1749644412,,0,,,0,2025-11-03 01:01:18.197938+08:00
1025440,Fantasy General II,170,bd5ca49b57cdf52990701a4ca22036b0e1fdbbf5,170,0,0,0,1749871455,,0,True,,0,2025-11-03 01:01:18.197938+08:00
1030840,Mafia: Definitive Edition,118,883ceebf7d8ebce37c9244a62777ef4a800393ce,118,0,0,0,1761133908,"[1, 2, 5]",0,True,,118,2025-11-03 01:01:18.197938+08:00
1033170,Talisman: Origins,0,a821e70c792d6fac4a02a3134576d10b5a887e40,0,0,0,0,0,,0,True,,0,2025-11-03 01:01:18.197938+08:00
1035510,Ultimate Zombie Defense,0,19ea5aca745585e84592011e0856661304167466,0,0,0,0,0,"[2, 5]",0,True,,0,2025-11-03 01:01:18.197938+08:00
1037020,ScourgeBringer,133,67eb67ba238ae0dcf4a8d03c18d3aef008e1b32a,133,0,0,0,1688978562,,0,True,,0,2025-11-03 01:01:18.197938+08:00
1046930,Dota Underlords,206,1f6f64144e8cc371c5382660e48998dfbe0a708e,32,0,0,0,1585999525,,0,,,0,2025-11-03 01:01:18.197938+08:00
1048540,Kao the Kangaroo: Round 2,0,6e1b26ff2784ab5695396695708e16a7c9a07be9,0,0,0,0,0,,0,True,,0,2025-11-03 01:01:18.197938+08:00
1049280,Pilgrims,277,1f63c69bbaf23f612d86a507286448a143da7236,277,0,0,0,1744298759,,0,True,,0,2025-11-03 01:01:18.197938+08:00
1055540,A Short Hike,469,155869047ee7805600a77c55501a317c6af2a3e9,469,0,0,0,1667396300,,0,True,True,0,2025-11-03 01:01:18.197938+08:00
1065310,Evil West,166,0d24177a5b9035fefc7a568fc90ba6d6949c6b0d,166,0,0,0,1749871395,"[2, 5]",0,True,,0,2025-11-03 01:01:18.197938+08:00
1067540,Röki,127,422f9c7fe09e8f66c16914c0abd64d716abd068c,127,0,0,0,1658304877,,0,True,,0,2025-11-03 01:01:18.197938+08:00
1069690,Rogue Lords,167,d9b24353e939caf959954bc143155fad541abfdc,167,0,0,0,1688981156,[5],0,True,,0,2025-11-03 01:01:18.197938+08:00
1072040,Panzer Corps 2,0,6bc33e1d005781c2028fef7f0e09f418d9e40419,0,0,0,0,0,,0,True,,0,2025-11-03 01:01:18.197938+08:00
1073910,Before We Leave,127,61987731d70d666be063934e5c1d432ddb67004a,127,0,0,0,1658304443,,0,True,,0,2025-11-03 01:01:18.197938+08:00
1075740,Banners of Ruin,147,ec750b17eaf7a211273dcdf2fd99a691dce3b743,147,0,0,0,1702629198,,0,True,,0,2025-11-03 01:01:18.197938+08:00
1076200,Roguebook,0,fe5c858d8487f76de4cca2be78a12926da289c2f,0,0,0,0,0,,0,True,,0,2025-11-03 01:01:18.197938+08:00
1084160,Jagged Alliance 3,1430,b18ed3c0b363f84f2490806885710d2927c82e87,1430,0,0,0,1715267643,[5],0,True,,0,2025-11-03 01:01:18.197938+08:00
1085660,Destiny 2,78663,fce050d63f0a2f8eb51b603c7f30bfca2a301549,78663,0,0,0,1749051063,,1,True,,0,2025-11-03 01:01:18.197938+08:00
1088790,Rebel Inc: Escalation,136,fae6e59c3abde9a4171ded940266acc86f4759fc,136,0,0,0,1702629219,,0,True,True,0,2025-11-03 01:01:18.197938+08:00
1089980,The Henry Stickmin Collection,0,7d4a1943cb0b40413ae66f83ce943d82f4962321,0,0,0,0,0,,0,True,,0,2025-11-03 01:01:18.197938+08:00
1096930,Strategic Command: World War I,0,c49a7f69531e2340a140eb682464f3cfce8cb059,0,0,0,0,0,,0,,,0,2025-11-03 01:01:18.197938+08:00
1097150,Fall Guys,2480,6c027709b9eb1417c993bc7d513b97b232002368,2480,0,0,0,1659793458,,0,True,,0,2025-11-03 01:01:18.197938+08:00
1097530,Mortal Glory,127,0273f506b11d1fbbf6ee2c0d6eeabc75f266ae04,127,0,0,0,1749642912,,0,True,,0,2025-11-03 01:01:18.197938+08:00
1102190,Monster Train,187,71b1344e42cc348d3b1a40404ab0547f9ed860ae,187,0,0,0,1668152458,,0,True,,0,2025-11-03 01:01:18.197938+08:00
1123770,Curse of the Dead Gods,189,74439a263f77dc8e5d6dff12da3458b46ce2726b,189,0,0,0,1688982270,,0,True,,0,2025-11-03 01:01:18.197938+08:00
1127400,Mindustry,0,1abc85522939efd31f3439302e64f673ba2424a5,0,0,0,0,0,,0,True,,0,2025-11-03 01:01:18.197938+08:00
1127610,Iris and the giant,257,d6742780f03d3ebbe391e63737a4f97560f9e771,257,0,0,0,1672061573,,0,True,,0,2025-11-03 01:01:18.197938+08:00
1138660,Black Book,126,dd922965e45f50819ab43dc93652597971d09e41,126,0,0,0,1658304981,,0,True,,0,2025-11-03 01:01:18.197938+08:00
1139940,ATOM RPG Trudograd,125,98ef26a288890b7573192cfa6385bef45e5cafb3,125,0,0,0,1658304401,"[1, 2, 5]",0,True,,0,2025-11-03 01:01:18.197938+08:00
1143810,Black Skylands,133,c278b86884ab9f0dc050dfe45bef174eba781239,133,0,0,0,1717053040,,0,True,,0,2025-11-03 01:01:18.197938+08:00
1144770,SLUDGE LIFE,0,cd91eebd4b1f4064f460769fd8477fb7a6a2bffa,0,0,0,0,0,"[1, 5]",0,True,,0,2025-11-03 01:01:18.197938+08:00
1145360,Hades,138,8a3fca36a00883e8066263ad35dd15d77a1f9abc,138,0,0,0,1614948528,,0,True,,0,2025-11-03 01:01:18.197938+08:00
1148650,The Legend of Bum-Bo,0,8bfdc250efeca9b94e7ed49929bfc48905cfe0ea,0,0,0,0,0,[5],0,True,,0,2025-11-03 01:01:18.197938+08:00
1150440,Aliens: Dark Descent,164,97e41160b136c61d7eca33ed195bf53c3158d839,164,0,0,0,1749869955,"[2, 5]",0,True,,0,2025-11-03 01:01:18.197938+08:00
1150530,Wizard with a Gun,0,0acf71d6e95b0a2b5a6f58d80ed4688978936c26,0,0,0,0,0,,0,True,,0,2025-11-03 01:01:18.197938+08:00
1154810,Going Under,127,50a1e9277f9b2024a1fafdf407b3ec3889389a96,127,0,0,0,1658304915,,0,True,,0,2025-11-03 01:01:18.197938+08:00
1155970,Roadwarden,0,f8e09311458c1b4fc6ac23cd50f391a11f5b3704,0,0,0,0,0,,0,True,,0,2025-11-03 01:01:18.197938+08:00
1158370,Aragami 2,131,3589e89df12624cf87679f9c9c05ffef2a15b9af,131,0,0,0,1717052983,"[2, 5]",0,True,,0,2025-11-03 01:01:18.197938+08:00
1162520,Richman10,390,bb441dfa49bd7a2fed1166971f848db8213c1a6f,390,0,0,0,1672070040,,0,True,,0,2025-11-03 01:01:18.197938+08:00
1162700,Midnight Protocol,127,28bb629172b6c213dbeee52c1692bc62a134aec4,127,0,0,0,1658304866,[5],0,True,,0,2025-11-03 01:01:18.197938+08:00
1167750,The Lamplighters League,0,268b267bf7253b667840818c922e77747ce30ca8,0,0,0,0,0,[5],0,True,,0,2025-11-03 01:01:18.197938+08:00
1170080,Foretales,146,dcb6f76f48464ab9a177e1ae7b105260ba841e7c,146,0,0,0,1702629028,,0,True,,0,2025-11-03 01:01:18.197938+08:00
1172450,Carto,141,d0778570ee1b9bfd4c6984c4c4c9ca00ed05de6a,141,0,0,0,1688978561,,0,True,,0,2025-11-03 01:01:18.197938+08:00
1172470,Apex Legends,1431,6cc35932af780289ae3d8d5cdbfe9cd545decad2,1431,0,0,0,1761478501,,0,True,,579,2025-11-03 01:01:18.197938+08:00
1175460,Revita,0,31d11d15ce99867569b352bd00a776481da5a6da,0,0,0,0,0,,0,True,,0,2025-11-03 01:01:18.197938+08:00
1177980,"Little Kitty, Big City",129,6ec93a31653f49b4bf7ab633c4d136210751d30e,129,0,0,0,1761197241,,0,True,,30,2025-11-03 01:01:18.197938+08:00
1184370,Pathfinder: Wrath of the Righteous - Enhanced Edition,213,03f542f563cf40c7412ed85259a46366631552a8,213,0,0,0,1688984244,"[1, 2, 5]",0,True,,0,2025-11-03 01:01:18.197938+08:00
1184760,Shovel Knight Pocket Dungeon,0,90ab518c87329d965f756b4869a3a16997a395d6,0,0,0,0,0,,0,True,,0,2025-11-03 01:01:18.197938+08:00
1184810,Mainframe Defenders,132,2e777e9f3c3ccd86799f1ad03520be0d9d75d5ae,132,0,0,0,1749643271,,0,True,,0,2025-11-03 01:01:18.197938+08:00
1186640,Pumpkin Jack,127,0d98a9c616c3b14006188e95340cba712d94b42a,127,0,0,0,1658304981,,0,True,,0,2025-11-03 01:01:18.197938+08:00
1189290,The Black Grimoire: Cursebreaker,0,75458bed16d743c4d4b65f8316588da6b7eda613,0,0,0,0,0,,0,True,,0,2025-11-03 01:01:18.197938+08:00
1190170,OlliOlli World,0,03c7a81d437b47fd77f5a5b5d6d1988e11385a35,0,0,0,0,0,,0,True,,0,2025-11-03 01:01:18.197938+08:00
1202130,Starship Troopers: Terran Command,135,fc6f4f10d302a4e316bdb7f015492e63d2fff9c1,135,0,0,0,1702628714,,0,True,,0,2025-11-03 01:01:18.197938+08:00
1203710,UnMetal,123,86ee545e34cf6f834facae00b5e14acd30ccaeb4,123,0,0,0,1668108127,"[1, 5]",0,True,,0,2025-11-03 01:01:18.197938+08:00
1205450,Turnip Boy Commits Tax Evasion,428,0dedfb75aad3b5c10ff5f0b091db64b9b4b9ffc7,428,0,0,0,1672068769,,0,True,,0,2025-11-03 01:01:18.197938+08:00
1214470,Hotel Renovator,125,15456c8163144b00a3f098d3c0e8866b20e854ea,125,0,0,0,1761136380,,0,True,,125,2025-11-03 01:01:18.197938+08:00
1218210,Coromon,135,c4e8ca1f42851fe7cdc278e0fecd7386ca2108a5,135,0,0,0,1702628925,,0,True,,0,2025-11-03 01:01:18.197938+08:00
1227530,Partisans 1941,126,4d907ed7b22a60b1eb74ba19d7fd8b33253332c0,126,0,0,0,1658304504,[5],0,True,,0,2025-11-03 01:01:18.197938+08:00
1227650,Bang-On Balls: Chronicles,385,13502e637302618baaf1b26bf4bcca9ee57c1133,385,0,0,0,1744442868,,0,True,,0,2025-11-03 01:01:18.197938+08:00
1229380,Everhood,125,19d60e8341deecec3a1f9499f8a509b3bc482246,125,0,0,0,1658304458,,0,True,,0,2025-11-03 01:01:18.197938+08:00
1238840,Battlefield™ 1,189,325c78f6940b57a43b65468d2dc10e22601b0ec5,189,0,0,0,1749641590,"[2, 5]",0,True,,0,2025-11-03 01:01:18.197938+08:00
1238880,Battlefield™ Hardline,170,ccf1167574120fcc2502f17c75677061c6f31ec1,170,0,0,0,1749657068,"[2, 5]",0,True,,0,2025-11-03 01:01:18.197938+08:00
1243830,Overcooked! All You Can Eat,0,ba25c11b6bfd3fb70a59ca00ce6ae1bf7e5b21ea,0,0,0,0,0,,0,True,,0,2025-11-03 01:01:18.197938+08:00
1244800,Terraformers,158,4879f30859363729aba785a59c227e12356181c5,158,0,0,0,1749871694,,0,True,,0,2025-11-03 01:01:18.197938+08:00
1245430,Golden Light,158,4e672c5a15172ee4fb9cb344f927f28a229208c0,158,0,0,0,1761197599,"[1, 2, 5]",0,True,,158,2025-11-03 01:01:18.197938+08:00
1252330,DEATHLOOP,147,89c9294b6df3c0a2acae28c6376fd32c444b5a88,147,0,0,0,1668108108,"[1, 2, 5]",0,True,,0,2025-11-03 01:01:18.197938+08:00
1266430,Lost In Fantaland,0,6a176eb471b4e9c8877aca37ffe0163634f30fdd,0,0,0,0,0,,0,True,,0,2025-11-03 01:01:18.197938+08:00
1268960,pureya,179,71bd52bee5b510992b052bc2c78edfb975aa985d,179,0,0,0,1749656890,,0,True,,0,2025-11-03 01:01:18.197938+08:00
1272160,The Life and Suffering of Sir Brante,191,f1d803f7f299a4539e4c294e47bbf8782e01ffff,191,0,0,0,1749658870,"[2, 5]",0,True,,0,2025-11-03 01:01:18.197938+08:00
1272320,Diplomacy is Not an Option,127,3a013eec1a7ff2aef7a136a49c340b703ce7aae3,127,0,0,0,1749643988,"[2, 5]",0,True,,0,2025-11-03 01:01:18.197938+08:00
1274210,WizardChess,0,ca97dbd09bde17ad9547fde17103773214dd3248,0,0,0,0,0,,0,True,,0,2025-11-03 01:01:18.197938+08:00
1280930,Astral Ascent,167,1084337121dd919622b39ec2dd0ab372dcc2b157,167,0,0,0,1749656659,,0,True,,0,2025-11-03 01:01:18.197938+08:00
1286350,BPM: BULLETS PER MINUTE,0,17bd1b74d9b669d0717a06075fb7290256a7c70c,0,0,0,0,0,,0,True,,0,2025-11-03 01:01:18.197938+08:00
1286680,Tiny Tina's Wonderlands,0,04df847d8960c8ba764764cf21bf96621c8e8314,0,0,0,0,0,,0,True,,0,2025-11-03 01:01:18.197938+08:00
1286830,STAR WARS™: The Old Republic™,115,cee1e2970e9535767d963bf3c2c4011adb100609,115,0,0,0,1751091555,,0,True,,0,2025-11-03 01:01:18.197938+08:00
1287840,Disciples: Liberation,123,ac24bd94f536556d85b70efa1684354fd75d76b8,123,0,0,0,1668108092,"[1, 2, 5]",0,True,,0,2025-11-03 01:01:18.197938+08:00
1291010,Warpips,0,ff187db322aba39cb43ac7e47aaf836de98e9bf7,0,0,0,0,0,,0,True,,0,2025-11-03 01:01:18.197938+08:00
1295500,"Warhammer 40,000: Battlesector",169,da834f752b2aa0ad3a3567ccec96372cc4a890ce,169,0,0,0,1749870615,"[2, 5]",0,True,,0,2025-11-03 01:01:18.197938+08:00
1304680,Voidigo,0,1ce4eecb05141de9a827eabe7b6dbe80d52a109b,0,0,0,0,0,,0,True,,0,2025-11-03 01:01:18.197938+08:00
1307580,TOEM,449,98afd67062fddd6635e4ece1e7b5f6c6d5a54386,449,0,0,0,1691843560,,0,True,,0,2025-11-03 01:01:18.197938+08:00
1311070,Greak: Memories of Azur,128,2a7d7b98b015f0d76924d0a8c2c9154bb6610830,128,0,0,0,1658304742,,0,True,,0,2025-11-03 01:01:18.197938+08:00
1318690,shapez,0,974fc8a55e4191dfb390f59a24cb2f1900393533,0,0,0,0,0,,0,True,,0,2025-11-03 01:01:18.197938+08:00
1319460,Fashion Police Squad,0,ef999408ab4449deea6f79c1a8e60704bbd5f12c,0,0,0,0,0,,0,True,,0,2025-11-03 01:01:18.197938+08:00
1324130,Stranded: Alien Dawn,162,60cef5d6b1dc33c8b21518590f4af19244a3552e,162,0,0,0,1749657375,"[2, 5]",0,True,,0,2025-11-03 01:01:18.197938+08:00
1329410,雀魂麻将(MahjongSoul),222,9403eb9b90dc6f036dde903a669d70dab3b65e12,222,0,0,0,1742131302,,0,,,0,2025-11-03 01:01:18.197938+08:00
1335790,Operation Tango,171,697bcc67405a78a400679718b54dccf64c2b9d89,171,0,0,0,1688981532,,0,True,,0,2025-11-03 01:01:18.197938+08:00
1343370,Old School RuneScape,384,6f3b359a68383291bcd2ab49aac079c13c02d8bb,384,0,0,0,1754053279,,0,True,,0,2025-11-03 01:01:18.197938+08:00
1345860,Grapple Dog,0,acd6d16ac246922e171f95c803bb72dbf59054d0,0,0,0,0,0,,0,True,,0,2025-11-03 01:01:18.197938+08:00
1347970,Patch Quest,603,b0e20b1f7c6a1ad37a171577561b780a3515bd09,603,0,0,0,1744122190,,0,True,,0,2025-11-03 01:01:18.197938+08:00
1353230,Bomb Rush Cyberfunk,0,485d1c4916825e0ae7e8be739bddb6d9f096a5bc,0,0,0,0,0,,0,True,,0,2025-11-03 01:01:18.197938+08:00
1356040,Ampersat,0,82967694d0c9a66be7e0675550b68c74f1c34ffa,0,0,0,0,0,,0,True,,0,2025-11-03 01:01:18.197938+08:00
1364100,Lacuna,171,c154319387b135d0865fa54209edfdc387cec01b,171,0,0,0,1688981534,[5],0,True,,0,2025-11-03 01:01:18.197938+08:00
1368870,Field of Glory II: Medieval,0,3227ee83711ae4e2f24c62be289b9c35f43b5f18,0,0,0,0,0,,0,True,,0,2025-11-03 01:01:18.197938+08:00
1404850,Luck be a Landlord,143,ce8b9c2719ccf0fb47c3b97eb58f758913a268fd,143,0,0,0,1761197235,,0,True,,56,2025-11-03 01:01:18.197938+08:00
1406850,The Legend of Tianding,145,f8aec7712b15713cdc0ca5d744fdad4ddd0d1a9f,145,0,0,0,1702628831,,0,True,,0,2025-11-03 01:01:18.197938+08:00
1416960,Everafter Falls,310,f00cbc92cd18e052456828980f1e0d963cf02569,310,0,0,0,1761197268,,0,True,,135,2025-11-03 01:01:18.197938+08:00
1419160,Souldiers,0,56c5c8958f67882842a1f2607a425e66adfcc6d0,0,0,0,0,0,,0,True,,0,2025-11-03 01:01:18.197938+08:00
1422450,Deadlock,0,f6da1420a173324d49bcd470fa3eee781ad0fa5e,0,0,0,0,0,,0,,,0,2025-11-03 01:01:18.197938+08:00
1426210,It Takes Two,846,6b15f6d81c4fc52056f4928b363b7fac591a945b,846,0,0,0,1669965377,,0,True,,0,2025-11-03 01:01:18.197938+08:00
1429850,Sumerian Six,163,bbffec5a25cbc6a802c4ff2c350d40ffd3eccf28,163,0,0,0,1749870614,,0,True,,0,2025-11-03 01:01:18.197938+08:00
1432050,Nobody Saves the World,135,405a56b24a1417a807914366a4e4871fdaf23590,135,0,0,0,1717053641,,0,True,,0,2025-11-03 01:01:18.197938+08:00
1456880,ElecHead,0,ec47c5eb4587ad1d76112289def92f2f3d9f6f07,0,0,0,0,0,,0,True,,0,2025-11-03 01:01:18.197938+08:00
1457630,幻想三国志2,32,41634fe9007055dbe179f327ad95209446592808,32,0,0,0,1669193947,,0,,,0,2025-11-03 01:01:18.197938+08:00
1473350,(the) Gnorp Apologue,2943,c0ce2ae2660a7d0590b777e2cdbc6395d78e99c3,2943,0,0,0,1721234107,,0,True,,0,2025-11-03 01:01:18.197938+08:00
1475840,RHYTHM SPROUT,0,aba4fa2a50c393bef06af6d3baf5eda4cdcdd03a,0,0,0,0,0,,0,True,,0,2025-11-03 01:01:18.197938+08:00
1483870,Draw & Guess,284,fa74c29e304534a16965a53e6044853822830811,284,0,0,0,1625073098,,0,,,0,2025-11-03 01:01:18.197938+08:00
1486630,Intravenous,127,ee2f418d189f190c730c76f54bd6a3d772d3fd41,127,0,0,0,1717052080,"[2, 5]",0,True,,0,2025-11-03 01:01:18.197938+08:00
1488200,Symphony of War: The Nephilim Saga,136,35809511a6c2a0a36d8daec5436ea2864271094a,136,0,0,0,1717052761,,0,True,,0,2025-11-03 01:01:18.197938+08:00
1501610,Nova Lands,170,9ace05743e4b14eb127d45f094ca9c5957ddb8fa,170,0,0,0,1749871455,,0,True,,0,2025-11-03 01:01:18.197938+08:00
1504980,It Takes Two Friend's Pass,1001,6b15f6d81c4fc52056f4928b363b7fac591a945b,1001,0,0,0,1657007836,,0,,,0,2025-11-03 01:01:18.197938+08:00
1507190,Machinika Museum,0,f4bb2176803e4b08c0da1032ea59d9a995ccff5b,0,0,0,0,0,,0,,,0,2025-11-03 01:01:18.197938+08:00
1531540,Distant Worlds 2,0,7f77d10f4f9635383e4fa40588f17852145e8625,0,0,0,0,0,,0,,,0,2025-11-03 01:01:18.197938+08:00
1546790,"Peace, Death! 2",175,14dd8d3da57ac8d66e25f7c5542dfee816ccaae6,175,0,0,0,1761197956,,0,True,True,71,2025-11-03 01:01:18.197938+08:00
1574250,SPOOKWARE,137,f2423c8bad24426a271f7b319722dd8b854ceb6d,137,0,0,0,1702629254,[5],0,True,,0,2025-11-03 01:01:18.197938+08:00
1578650,Citizen Sleeper,126,39a0deacdbdfdb97ef9e634282db10973e39c681,126,0,0,0,1717052045,,0,True,,0,2025-11-03 01:01:18.197938+08:00
1581770,SpellForce: Conquest of Eo,142,ea35afa74e009e1cca12bdae92e15b8ebbd7dee9,142,0,0,0,1761199038,,0,True,,54,2025-11-03 01:01:18.197938+08:00
1582650,Caravan Sandwitch,0,053fb9dca6e32463951282ae0382ec8d5595de19,0,0,0,0,0,,0,True,,0,2025-11-03 01:01:18.197938+08:00
1583230,High On Life,0,edf77785498d06effc5d8c4db72c0d364978b66f,0,0,0,0,0,"[1, 2, 5]",0,True,,0,2025-11-03 01:01:18.197938+08:00
1586800,Lil Gator Game,0,b5a095e562863dae985be2bf9ab7ae8e4179d3a9,0,0,0,0,0,,0,True,,0,2025-11-03 01:01:18.197938+08:00
1592670,Soda Crisis,56,b1f43f72ef59397518ce7cef8de5e25b7ef96ccd,56,0,0,0,1656771091,,0,True,,0,2025-11-03 01:01:18.197938+08:00
1601740,Corpse Keeper,0,21353575fa0ee9af5f5521274945f6772687d8d0,0,0,0,0,0,"[2, 5]",0,True,,0,2025-11-03 01:01:18.197938+08:00
1604030,V Rising,0,d18204000a839feb84393b3d860c17cd4a4b269c,0,0,0,0,0,,0,True,,0,2025-11-03 01:01:18.197938+08:00
1608450,Hellslave,0,733a62d2f790189f9cecb01bebf8e014a231a86e,0,0,0,0,0,"[2, 5]",0,True,,0,2025-11-03 01:01:18.197938+08:00
1608640,OTXO,0,4b6c2c1b535a229acceea72bd6adfe635b9f8732,0,0,0,0,0,"[2, 5]",0,True,,0,2025-11-03 01:01:18.197938+08:00
1611910,"Warhammer 40,000: Chaos Gate - Daemonhunters",306,6495e5b6550e114ffff75c39226f3680211b32ce,306,0,0,0,1702562297,"[2, 5]",0,True,,0,2025-11-03 01:01:18.197938+08:00
1616290,Golf Gang Playtest,10,3f3ca9540bb780f1fa29556296d6c8564c457569,10,0,0,0,1647449398,,0,,,0,2025-11-03 01:01:18.197938+08:00
1617030,tERRORbane,0,2a1060d489abc7b63924cafcabb99295938dbc9e,0,0,0,0,0,,0,True,,0,2025-11-03 01:01:18.197938+08:00
1621690,Core Keeper,5320,53517a1b2eb22e22ac4a1f71c814209f1b84c063,5320,0,0,0,1657964692,,0,True,,0,2025-11-03 01:01:18.197938+08:00
1634150,Behind the Frame: The Finest Scenery,154,3065c1e2378f741178dd8dc1a1d6c301b872ea66,154,0,0,0,1688980302,,0,True,,0,2025-11-03 01:01:18.197938+08:00
1649010,Miasma Chronicles,0,deb950673751491ceaf38c56cf9ae6066c075ef2,0,0,0,0,0,"[2, 5]",0,True,,0,2025-11-03 01:01:18.197938+08:00
1649080,Two Point Campus,204,c3472700d865f82ac75209c8c5bd136598c42cca,204,0,0,0,1717073926,,0,True,,0,2025-11-03 01:01:18.197938+08:00
1650860,Chambers of Devious Design,0,bb544215dd95fd1f834c4adb7f0767866bbd2934,0,0,0,0,0,,0,True,,0,2025-11-03 01:01:18.197938+08:00
1656780,Hero's Hour,0,f454d8cddf1754568ec8c46ba39c734ce432ad37,0,0,0,0,0,,0,True,,0,2025-11-03 01:01:18.197938+08:00
1659040,HITMAN World of Assassination,0,552be1d38866afd1c33f682323d325130e7d0ce6,0,0,0,0,0,"[2, 5]",0,True,,0,2025-11-03 01:01:18.197938+08:00
1668190,Once Upon a Jester,0,45d6a83bac6d72f8bbe99ab4390821c5877b4439,0,0,0,0,0,,0,True,,0,2025-11-03 01:01:18.197938+08:00
1668690,Alina of the Arena,145,71a638119fff7f4e8d1fcdc51a52c9a23fb96e0a,145,0,0,0,1702628867,,0,True,,0,2025-11-03 01:01:18.197938+08:00
1684080,Toroom,0,609deebe564fb2229382c5261c0baf1a4bbcd657,0,0,0,0,0,,0,True,,0,2025-11-03 01:01:18.197938+08:00
1707400,Larcin Lazer,0,1957d2edee4d5bd1f2455e11560ff09aa14bbe47,0,0,0,0,0,,0,True,,0,2025-11-03 01:01:18.197938+08:00
1712840,Tiny Tina's Assault on Dragon Keep: A Wonderlands One-shot Adventure,0,244954d1c6b9516a6a14c534ad0162b36cd7cbe8,0,0,0,0,0,,0,True,,0,2025-11-03 01:01:18.197938+08:00
1718570,ASTLIBRA ～生きた証～ Revision,314,e7c445fc57e408d34f6d831588026cace13d3150,314,0,0,0,1761199815,,0,True,,161,2025-11-03 01:01:18.197938+08:00
1755830,Astrea: Six-Sided Oracles,161,76177e2e01a1d7ecc25092ca71904af1f03e5437,161,0,0,0,1749870677,,0,True,,0,2025-11-03 01:01:18.197938+08:00
1769170,Shattered Pixel Dungeon,0,0f11ea9de0dcc0f96a9480388601cbbcfdf6d18a,0,0,0,0,0,,0,True,,0,2025-11-03 01:01:18.197938+08:00
1785150,Friends vs Friends,0,6fc10e1d19f90e59276fa2760e80979381c7f9b2,0,0,0,0,0,"[2, 5]",0,True,,0,2025-11-03 01:01:18.197938+08:00
1794680,Vampire Survivors,645,3677cf1be3be1f4ea42261c62ce10519715ade58,645,0,0,0,1756050647,,0,True,,0,2025-11-03 01:01:18.197938+08:00
1811040,South of the Circle,139,f81ec9dc692979608751c9ae7456949a5e43e020,139,0,0,0,1688978999,,0,True,,0,2025-11-03 01:01:18.197938+08:00
1815570,Aces and Adventures,146,da2653fd30b9ebc97b0751336771a0d4fa00d548,146,0,0,0,1702629180,,0,True,,0,2025-11-03 01:01:18.197938+08:00
1831250,WasteLand Express 废土快递,0,5475ad911ef9f534a6478171b5954698a080a484,0,0,0,0,0,,0,True,,0,2025-11-03 01:01:18.197938+08:00
1836120,QUICKERFLAK,137,20cd84a07562ab0d83b43ad58be8b97206297cda,137,0,0,0,1761149987,,0,True,,44,2025-11-03 01:01:18.197938+08:00
1839510,RPG Time: The Legend of Wright,0,620f13cda7f94cd4650c53ba3474f975d7234c68,0,0,0,0,0,,0,True,,0,2025-11-03 01:01:18.197938+08:00
1849820,Telepath Tactics Liberated,0,946c70405676f0124ceb5334ba606ad0234fe077,0,0,0,0,0,,0,True,,0,2025-11-03 01:01:18.197938+08:00
1885110,Cryptmaster,141,82604207034794ceb78b03dc22b81098c165a3e1,141,0,0,0,1761197657,,0,True,,141,2025-11-03 01:01:18.197938+08:00
1907720,Autonauts vs Piratebots,144,6311b8e98456a6789880a9c4e353e95cdbbec951,144,0,0,0,1702628619,,0,True,,0,2025-11-03 01:01:18.197938+08:00
1912750,Terra Memoria,156,325a75909d229e277ce5edd3d2ef255de16c211b,156,0,0,0,1749658869,,0,True,,0,2025-11-03 01:01:18.197938+08:00
1918040,Army of Ruin,167,11dda9cfe45f9662a0c1619db22e1adc6aabe3e0,167,0,0,0,1749870075,,0,True,,0,2025-11-03 01:01:18.197938+08:00
1920490,The Outer Worlds: Spacer's Choice Edition,0,74b001635a01a0f2e504ec0a842ec53171906a1b,0,0,0,0,0,"[2, 5]",0,True,,0,2025-11-03 01:01:18.197938+08:00
1927720,Monument Valley,0,058aa7e0cd93213d60eefa6bf5ef75b1859075c2,0,0,0,0,0,,0,True,,0,2025-11-03 01:01:18.197938+08:00
1927740,Monument Valley 2,0,d75c87364b691eb027269bebe917f44c20a09e2f,0,0,0,0,0,,0,True,,0,2025-11-03 01:01:18.197938+08:00
1929870,Nomad Survival,0,af66323cd4d2a0ad17d326a9c576fbd1a63ab8d5,0,0,0,0,0,,0,True,,0,2025-11-03 01:01:18.197938+08:00
1949190,Necrosmith,221,ab63d2a3b182d7c36cbe8ce20fc42cb433a7e94f,221,0,0,0,1702633934,,0,True,,0,2025-11-03 01:01:18.197938+08:00
1972440,Shotgun King: The Final Checkmate,0,ad9c5dc98995fc91612d3e6b5cab7ca56ea8fb47,0,0,0,0,0,,0,True,,0,2025-11-03 01:01:18.197938+08:00
1982340,Blanc,0,9fe5d334a113fc34d64a1ebb3e63800b84f8f56f,0,0,0,0,0,,0,True,,0,2025-11-03 01:01:18.197938+08:00
1988540,The Zachtronics Solitaire Collection,0,ac6bc6c96ea990c6937f16e6c0c5b014c017bf77,0,0,0,0,0,,0,True,,0,2025-11-03 01:01:18.197938+08:00
1990740,Barro GT,0,5bcb2a24d4a2bba21d4ce58a6c236efcd5a9492c,0,0,0,0,0,,0,True,True,0,2025-11-03 01:01:18.197938+08:00
2009650,Desta: The Memories Between,0,37e92a3afe41e65b8227da069e2460f0ff42f0b7,0,0,0,0,0,,0,True,,0,2025-11-03 01:01:18.197938+08:00
2060130,Return to Monkey Island,0,059f2a68c1a3c8afda0b5833aaa6b9e16174e6b1,0,0,0,0,0,,0,True,,0,2025-11-03 01:01:18.197938+08:00
2071500,Islands of Insight,0,292b5774c6f5bed57f796635d47d0fde74441b9b,0,0,0,0,0,,0,,,0,2025-11-03 01:01:18.197938+08:00
2077380,The Multi-Medium,0,85fa906ccb3ae6141f36e45a61d24d4cef781a78,0,0,0,0,0,,0,True,,0,2025-11-03 01:01:18.197938+08:00
2083240,Asterogues,0,398396c0e53799cf136709d4c86e6bc55c448843,0,0,0,0,0,,0,True,,0,2025-11-03 01:01:18.197938+08:00
2084000,Shogun Showdown,0,b447b9c77748f1d784e9ef54a1844689115ba76b,0,0,0,0,0,,0,True,,0,2025-11-03 01:01:18.197938+08:00
2086850,Guardians of Holme,0,69ac99f0939e6a4f8556b28b632d92469c17d2e9,0,0,0,0,0,,0,True,,0,2025-11-03 01:01:18.197938+08:00
2111090,Let's! Revolution!,0,a620111f32b19342512d20ca1a5370349285512c,0,0,0,0,0,,0,True,,0,2025-11-03 01:01:18.197938+08:00
2139020,What the Fog,0,5cfc525abef090ff3cf61a0204f65ce6e21dda7b,0,0,0,0,0,,0,True,,0,2025-11-03 01:01:18.197938+08:00
2186680,"Warhammer 40,000: Rogue Trader",149,a944983525cae5819f19bb2b530cb28ea4f6bd06,149,0,0,0,1761198556,"[2, 5]",0,True,,62,2025-11-03 01:01:18.197938+08:00
2187290,Wall World,142,e63abe2ba9116b8e92a424c5bc4fb231518557e9,142,0,0,0,1749646749,,0,True,,0,2025-11-03 01:01:18.197938+08:00
2195250,EA SPORTS FC™ 24,0,d01e05e0fb8e77c790c699b4fa0a9559cf80d16d,0,0,0,0,0,,0,True,,0,2025-11-03 01:01:18.197938+08:00
2230280,Tiny Civilization,340,ade10dbf12ec52af75f6b54d04b9b4403c5817bd,340,0,0,0,1700667495,,0,True,,0,2025-11-03 01:01:18.197938+08:00
2233790,Legendary Creatures 2,0,d092e2e406c753a9ff7318cc52e92743324b6032,0,0,0,0,0,,0,True,,0,2025-11-03 01:01:18.197938+08:00
2238040,Tiny Terry's Turbo Trip,0,67e3ca1e528f3d0c1b9581e66b6747fe077073e5,0,0,0,0,0,,0,True,True,0,2025-11-03 01:01:18.197938+08:00
2243110,EMPTY SHELL,161,b17c00545d25c7f0d3209146344ad0dc90d7ccad,161,0,0,0,1749870554,"[2, 5]",0,True,,0,2025-11-03 01:01:18.197938+08:00
2264140,How 2 Escape,0,6d3ff5e1f5ff2a4463e4e11a877d4b5f03d73008,0,0,0,0,0,,0,True,,0,2025-11-03 01:01:18.197938+08:00
2270210,DunHero: Roguelike RPG,0,6a5415d6e486ed64ea2f1c1a8bd7c7db00d66475,0,0,0,0,0,,0,True,,0,2025-11-03 01:01:18.197938+08:00
2290180,Riders Republic,2163,7f050062aecbec623b59b8511caee941fd7f26ba,2163,0,0,0,1744474893,,0,True,,0,2025-11-03 01:01:18.197938+08:00
2305840,Cat Quest III,0,6521f8d7f4022cb35b4e395535ca5c29c160276e,0,0,0,0,0,,0,True,,0,2025-11-03 01:01:18.197938+08:00
2311990,Rack and Slay,0,914b23a2ca73f2d2a4c8381c1d567bb2b61138cc,0,0,0,0,0,,0,True,,0,2025-11-03 01:01:18.197938+08:00
2312520,Everholm,0,2d63df5bf0ff558d37ed6fb686fcdb77e6d3ebb3,0,0,0,0,0,,0,,,0,2025-11-03 01:01:18.197938+08:00
2337860,Nubs!,0,0b95584cb73856d092ea9b7ded57d06c023dbc3f,0,0,0,0,0,[5],0,True,,0,2025-11-03 01:01:18.197938+08:00
2340650,古龙风云录,8486,63c93a215c853f4d9a954ec62d1feb1fed54b48b,8486,0,0,0,1709478078,,0,True,,0,2025-11-03 01:01:18.197938+08:00
2379780,Balatro,2272,b6018068070ab0e23561694c11f7950dd6f4c752,2272,0,0,0,1739466958,,0,True,,0,2025-11-03 01:01:18.197938+08:00
2386310,Ultros,133,83a0a66cab7390dbe612508143f274b5c9903454,133,0,0,0,1749644411,"[1, 2, 5]",0,True,,0,2025-11-03 01:01:18.197938+08:00
2458940,Farm Keeper,0,d59bdd8ad90612eb7e51fb5f297796bf2202ffcb,0,0,0,0,0,,0,True,,0,2025-11-03 01:01:18.197938+08:00
2543510,GUNTOUCHABLES,0,ea77a863d8b1c9aee54c2c1af30602c854097273,0,0,0,0,0,"[2, 5]",0,True,True,0,2025-11-03 01:01:18.197938+08:00
2570810,Ys X: Nordics,0,40b7b18c72d7620cf8d2ba856c971e12efc0960c,0,0,0,0,0,,0,True,,0,2025-11-03 01:01:18.197938+08:00
2601940,Pinball Spire,0,71cf6ad0c0350c570e13d46b502764d7d7df44ec,0,0,0,0,0,,0,True,,0,2025-11-03 01:01:18.197938+08:00
2608270,Intravenous 2,166,00db55c056f425a4cdfd203be90b9ee65b98d2f9,166,0,0,0,1749655875,"[2, 5]",0,True,,0,2025-11-03 01:01:18.197938+08:00
2669320,EA SPORTS FC™ 25,0,f6c4988f3e7b965451a3d9fca34014585d1754e2,0,0,0,0,0,,0,True,,0,2025-11-03 01:01:18.197938+08:00
2702170,Strange Jigsaws,319,e4febafc578e9fac2f3fdb74e94f479a52248eee,319,0,0,0,1755935681,,0,True,,0,2025-11-03 01:01:18.197938+08:00
2721890,Öoo,0,d1f61eecb1aab142cd02378f79c33dfd3ea5ea1a,0,0,0,0,0,,0,True,,0,2025-11-03 01:01:18.197938+08:00
2796010,Party Club,0,a80c96dde162ef5ed25704384b6e312b6b6cddf9,0,0,0,0,0,,0,True,,0,2025-11-03 01:01:18.197938+08:00
2825110,Technotopia,155,6b1e314ab2c3118e414f18b7175c9d6a157e13d8,155,0,0,0,1749655331,,0,True,,0,2025-11-03 01:01:18.197938+08:00
2828500,The Jackbox Megapicker,0,0866a1d27e96a96c7d013c41eb6fa2ec6a935a7d,0,0,0,0,0,,0,,,0,2025-11-03 01:01:18.197938+08:00
2852980,Necroking,144,757fc614aae0590a1ad43b2f6114c06f32cfb745,144,0,0,0,1749653408,,0,True,,0,2025-11-03 01:01:18.197938+08:00
2955840,Kitchen Wars,0,93c637e395897e6a681db87bd6ada2371772e4eb,0,0,0,0,0,,0,True,,0,2025-11-03 01:01:18.197938+08:00
3065170,Monster Hunter Wilds Beta test,229,cb8345c0f9742dad3764d058c9da49c8860d15f9,229,0,0,0,1738916682,,0,,,0,2025-11-03 01:01:18.197938+08:00
3081410,Battlefield™ 6 Open Beta,37,575dad25afc50972728d2b85cccb4f6093ebe175,37,0,0,0,1754834388,,0,,,0,2025-11-03 01:01:18.197938+08:00
3167020,Escape From Duckov,301,5bb8d31708442a8f3ddbc100d7be7c3fde530d18,301,0,0,0,1761236737,,0,True,,301,2025-11-03 01:01:18.197938+08:00
3240220,Grand Theft Auto V Enhanced,0,8355a7bbdb704f727bfba80ec56bc7228991338e,0,0,0,0,0,"[1, 2, 5]",0,True,,0,2025-11-03 01:01:18.197938+08:00
3419430,Bongo Cat,9626,b25d4b846c745bdf809f5657af00298e0ae62465,9626,0,0,0,1761829393,,1,True,,2562,2025-11-03 01:01:18.197938+08:00
3969380,Demeo x Dungeons & Dragons: Battlemarked Demo,71,,71,0,0,0,0,,0,,,71,2025-11-03 01:01:18.387893+08:00
3844400,SpongeBob SquarePants: Titans of the Tide Demo,58,,58,0,0,0,0,,0,,,58,2025-11-03 01:01:18.387893+08:00
3344980,Philna Fantasy Demo,53,,53,0,0,0,0,,0,,,53,2025-11-03 01:01:18.387893+08:00
3783240,灰烬圣预 Demo,42,,42,0,0,0,0,,0,,,42,2025-11-03 01:01:18.387893+08:00
3859960,Goblin Vyke Demo,35,,35,0,0,0,0,,0,,,35,2025-11-03 01:01:18.387893+08:00
4046820,CiniCross Demo,31,,31,0,0,0,0,,0,,,31,2025-11-03 01:01:18.387893+08:00
3758770,Ember and Blade Demo,30,,30,0,0,0,0,,0,,,30,2025-11-03 01:01:18.387893+08:00
2985630,Revelation of Decay Demo,23,,23,0,0,0,0,,0,,,23,2025-11-03 01:01:18.387893+08:00
2652640,SealChain: Call of Blood Demo,21,,21,0,0,0,0,,0,,,21,2025-11-03 01:01:18.387893+08:00
2350470,Kriegsfront Tactics Demo,19,,19,0,0,0,0,,0,,,19,2025-11-03 01:01:18.387893+08:00
3241970,Heroes of Might and Magic: Olden Era Demo,19,,19,0,0,0,0,,0,,,19,2025-11-03 01:01:18.387893+08:00
4072000,Fail Fail Succeed Demo,18,,18,0,0,0,0,,0,,,18,2025-11-03 01:01:18.387893+08:00
3951830,Life Slash Death Demo,15,,15,0,0,0,0,,0,,,15,2025-11-03 01:01:18.387893+08:00
3803790,Rhythm Hotel Demo,14,,14,0,0,0,0,,0,,,14,2025-11-03 01:01:18.387893+08:00
3391050,Crown and Adventure / 王冠与冒险  Demo,13,,13,0,0,0,0,,0,,,13,2025-11-03 01:01:18.387893+08:00
3448280,Gothic 1 Remake - Demo (Nyras Prologue),12,,12,0,0,0,0,,0,,,12,2025-11-03 01:01:18.387893+08:00
3949050,Frontline Logistics: Isarian Warfare Demo,12,,12,0,0,0,0,,0,,,12,2025-11-03 01:01:18.387893+08:00
3649620,轮盘英雄 Demo,12,,12,0,0,0,0,,0,,,12,2025-11-03 01:01:18.387893+08:00
4012310,Aether & Iron Demo,10,,10,0,0,0,0,,0,,,10,2025-11-03 01:01:18.387893+08:00
3853080,Cursemark Demo,10,,10,0,0,0,0,,0,,,10,2025-11-03 01:01:18.387893+08:00
2432870,MENACE Demo,10,,10,0,0,0,0,,0,,,10,2025-11-03 01:01:18.387893+08:00
3374500,Snow Ash Demo,9,,9,0,0,0,0,,0,,,9,2025-11-03 01:01:18.387893+08:00
3185680,Dobbel Dungeon Demo,8,,8,0,0,0,0,,0,,,8,2025-11-03 01:01:18.387893+08:00
4062610,DEG Demo,8,,8,0,0,0,0,,0,,,8,2025-11-03 01:01:18.387893+08:00
3840730,Gunny Ascend Demo,7,,7,0,0,0,0,,0,,,7,2025-11-03 01:01:18.387893+08:00
3307570,Crown of Greed Demo,7,,7,0,0,0,0,,0,,,7,2025-11-03 01:01:18.387893+08:00
3836320,Extinction Day Demo,7,,7,0,0,0,0,,0,,,7,2025-11-03 01:01:18.387893+08:00
3727860,Felbound: Prologue,6,,6,0,0,0,0,,0,,,6,2025-11-03 01:01:18.387893+08:00
4048640,Earth of Oryn Demo,6,,6,0,0,0,0,,0,,,6,2025-11-03 01:01:18.387893+08:00
3726280,Dragon Shelter Demo,6,,6,0,0,0,0,,0,,,6,2025-11-03 01:01:18.387893+08:00
3389180,Aegis Force: The Scorian War Demo,6,,6,0,0,0,0,,0,,,6,2025-11-03 01:01:18.387893+08:00
3549400,Insectile Demo,5,,5,0,0,0,0,,0,,,5,2025-11-03 01:01:18.387893+08:00
3667900,Hand of Hexes Demo,5,,5,0,0,0,0,,0,,,5,2025-11-03 01:01:18.387893+08:00
3742020,Don't Wake Up My Dream Demo,5,,5,0,0,0,0,,0,,,5,2025-11-03 01:01:18.387893+08:00
4057580,Curse of Pirates Demo,5,,5,0,0,0,0,,0,,,5,2025-11-03 01:01:18.387893+08:00
4017590,Blanksword Demo,5,,5,0,0,0,0,,0,,,5,2025-11-03 01:01:18.387893+08:00
4059560,Tingus Goose Demo,5,,5,0,0,0,0,,0,,,5,2025-11-03 01:01:18.387893+08:00
2796120,Dead Weight Demo,4,,4,0,0,0,0,,0,,,4,2025-11-03 01:01:18.387893+08:00
3132890,Into The Grid Demo,3,,3,0,0,0,0,,0,,,3,2025-11-03 01:01:18.387893+08:00
3833390,GNAW Demo,2,,2,0,0,0,0,,0,,,2,2025-11-03 01:01:18.387893+08:00
3706230,Checkmage! Demo,2,,2,0,0,0,0,,0,,,2,2025-11-03 01:01:18.387893+08:00
3558110,Appulse Demo,2,,2,0,0,0,0,,0,,,2,2025-11-03 01:01:18.387893+08:00
2802220,玩具帝国 Demo,2,,2,0,0,0,0,,0,,,2,2025-11-03 01:01:18.387893+08:00
3538260,Vortica Demo,1,,1,0,0,0,0,,0,,,1,2025-11-03 01:01:18.387893+08:00
378720,Thea: The Awakening,1,,1,0,0,0,0,,0,,,1,2025-11-03 01:01:18.387893+08:00
987840,Expeditions: Rome,1,,1,0,0,0,0,,0,,,1,2025-11-03 01:01:18.387893+08:00
475150,Titan Quest Anniversary Edition,1,,1,0,0,0,0,,0,,,1,2025-11-03 01:01:18.387893+08:00
602320,Train Valley 2,1,,1,0,0,0,0,,0,,,1,2025-11-03 01:01:18.387893+08:00
286160,Tabletop Simulator,1,,1,0,0,0,0,,0,,,1,2025-11-03 01:01:18.387893+08:00
1264970,The Conquest of Go,1,,1,0,0,0,0,,0,,,1,2025-11-03 01:01:18.387893+08:00
1883260,Little Noah: Scion of Paradise,1,,1,0,0,0,0,,0,,,1,2025-11-03 01:01:18.387893+08:00
522240,Pool Panic,1,,1,0,0,0,0,,0,,,1,2025-11-03 01:01:18.387893+08:00
281640,The Banner Saga 2,1,,1,0,0,0,0,,0,,,1,2025-11-03 01:01:18.387893+08:00
560130,Pillars of Eternity II: Deadfire,1,,1,0,0,0,0,,0,,,1,2025-11-03 01:01:18.387893+08:00
1942280,Brotato,1,,1,0,0,0,0,,0,,,1,2025-11-03 01:01:18.387893+08:00
542050,Forgotton Anne,1,,1,0,0,0,0,,0,,,1,2025-11-03 01:01:18.387893+08:00
233980,Unepic,1,,1,0,0,0,0,,0,,,1,2025-11-03 01:01:18.387893+08:00
790820,Valkyria Chronicles 4 Complete Edition,1,,1,0,0,0,0,,0,,,1,2025-11-03 01:01:18.387893+08:00
400750,Call to Arms - Gates of Hell: Ostfront,1,,1,0,0,0,0,,0,,,1,2025-11-03 01:01:18.387893+08:00
1135810,Vault of the Void,1,,1,0,0,0,0,,0,,,1,2025-11-03 01:01:18.387893+08:00
525510,"Guns, Gore and Cannoli 2",1,,1,0,0,0,0,,0,,,1,2025-11-03 01:01:18.387893+08:00
1037130,Dandy Ace,1,,1,0,0,0,0,,0,,,1,2025-11-03 01:01:18.387893+08:00
524220,NieR:Automata™,1,,1,0,0,0,0,,0,,,1,2025-11-03 01:01:18.387893+08:00
632470,Disco Elysium,1,,1,0,0,0,0,,0,,,1,2025-11-03 01:01:18.387893+08:00
230700,La-Mulana,1,,1,0,0,0,0,,0,,,1,2025-11-03 01:01:18.387893+08:00
368610,The Enchanted Cave 2,1,,1,0,0,0,0,,0,,,1,2025-11-03 01:01:18.387893+08:00
1385380,Across the Obelisk,1,,1,0,0,0,0,,0,,,1,2025-11-03 01:01:18.387893+08:00
718670,Cultist Simulator,1,,1,0,0,0,0,,0,,,1,2025-11-03 01:01:18.387893+08:00
1436590,Phoenotopia Awakening,1,,1,0,0,0,0,,0,,,1,2025-11-03 01:01:18.387893+08:00
465100,LUNA The Shadow Dust,1,,1,0,0,0,0,,0,,,1,2025-11-03 01:01:18.387893+08:00
1552080,Deepest Chamber: Resurrection,1,,1,0,0,0,0,,0,,,1,2025-11-03 01:01:18.387893+08:00
601840,Griftlands,1,,1,0,0,0,0,,0,,,1,2025-11-03 01:01:18.387893+08:00
613830,CHRONO TRIGGER,1,,1,0,0,0,0,,0,,,1,2025-11-03 01:01:18.387893+08:00
311290,SpellForce 3 Reforced,1,,1,0,0,0,0,,0,,,1,2025-11-03 01:01:18.387893+08:00
975370,Dwarf Fortress,1,,1,0,0,0,0,,0,,,1,2025-11-03 01:01:18.387893+08:00
1948280,Stacklands,182,,182,0,0,0,0,,0,,,1,2025-11-03 01:01:18.387893+08:00
1282730,Loop Hero,1857,,1857,0,0,0,0,,0,,,1,2025-11-03 01:01:18.387893+08:00
1267910,Melvor Idle,2886,,2886,0,0,0,0,,0,,,1,2025-11-03 01:01:18.387893+08:00
650760,侠客风云传前传(Tale of Wuxia:The Pre-Sequel),4,,4,0,0,0,0,,0,,,1,2025-11-03 01:01:18.387893+08:00
593280,Cat Quest,382,,382,0,0,0,0,,0,,,1,2025-11-03 01:01:18.387893+08:00
